date,open,high,low,close,volume,outstanding_share,turnover
2018-10-16,58.56,70.27,58.56,70.27,419948.0,121600000.0,0.003453519736842105
2018-10-17,77.3,77.3,77.3,77.3,186547.0,121600000.0,0.0015341036184210526
2018-10-18,85.03,85.03,73.38,80.97,55718541.0,121600000.0,0.4582116858552632
2018-10-19,79.5,89.07,79.4,89.07,35319206.0,121600000.0,0.2904539967105263
2018-10-22,94.0,97.98,92.01,97.98,17685766.0,121600000.0,0.14544215460526316
2018-10-23,102.0,105.8,94.67,94.7,32962614.0,121600000.0,0.2710741282894737
2018-10-24,95.39,100.5,95.2,97.05,24149984.0,121600000.0,0.19860184210526316
2018-10-25,93.12,101.37,93.12,99.58,19315338.0,121600000.0,0.15884324013157894
2018-10-26,99.8,103.0,92.51,97.2,18272124.0,121600000.0,0.15026417763157895
2018-10-29,96.5,98.36,94.01,97.52,10286018.0,121600000.0,0.08458896381578947
2018-10-30,96.5,99.9,92.71,97.35,14005735.0,121600000.0,0.11517874177631579
2018-10-31,97.8,101.94,97.8,99.0,13522723.0,121600000.0,0.11120660361842105
2018-11-01,100.98,105.6,99.1,102.33,15664145.0,121600000.0,0.12881698190789473
2018-11-02,106.29,107.38,102.67,105.4,16217663.0,121600000.0,0.13336893914473685
2018-11-05,104.88,106.57,99.45,102.42,13349537.0,121600000.0,0.10978237664473685
2018-11-06,100.7,112.66,99.85,112.66,13529740.0,121600000.0,0.11126430921052631
2018-11-07,112.65,113.68,108.7,110.0,11559522.0,121600000.0,0.09506185855263158
2018-11-08,112.0,112.99,107.79,109.28,9042712.0,121600000.0,0.07436440789473685
2018-11-09,107.5,113.8,107.0,110.78,8703255.0,121600000.0,0.0715728207236842
2018-11-12,109.92,112.77,109.17,112.01,7992319.0,121600000.0,0.06572630756578947
2018-11-13,110.0,117.0,108.53,110.06,13639629.0,121600000.0,0.11216800164473684
2018-11-14,108.03,113.6,108.01,111.86,8502181.0,121600000.0,0.06991925164473685
2018-11-15,110.86,112.78,109.2,112.0,6730872.0,121600000.0,0.05535256578947369
2018-11-16,112.05,114.0,109.66,110.65,6909166.0,121600000.0,0.056818799342105264
2018-11-19,109.01,112.85,108.6,110.15,6928135.0,121600000.0,0.056974794407894734
2018-11-20,108.8,110.97,107.0,107.0,5462485.0,121600000.0,0.04492175164473684
2018-11-21,106.0,113.03,105.65,111.7,9062260.0,121600000.0,0.07452516447368421
2018-11-22,111.35,112.34,110.12,111.51,5197260.0,121600000.0,0.042740625
2018-11-23,111.8,113.6,108.0,108.3,5950853.0,121600000.0,0.04893793585526316
2018-11-26,109.1,111.29,108.3,109.59,4179317.0,121600000.0,0.03436938322368421
2018-11-27,110.66,111.0,104.5,106.56,8021725.0,121600000.0,0.06596813322368421
2018-11-28,105.8,110.0,105.2,109.61,5516545.0,121600000.0,0.0453663240131579
2018-11-29,111.0,111.97,108.8,108.83,4884839.0,121600000.0,0.040171373355263156
2018-11-30,108.8,112.6,108.5,112.5,4134650.0,121600000.0,0.03400205592105263
2018-12-03,115.5,123.66,113.34,119.5,9309546.0,121600000.0,0.07655876644736842
2018-12-04,118.8,120.87,117.6,119.06,4519096.0,121600000.0,0.03716361842105263
2018-12-05,117.0,123.11,116.66,120.68,5374878.0,121600000.0,0.04420129934210526
2018-12-06,119.89,121.11,114.0,115.33,8233814.0,121600000.0,0.06771228618421053
2018-12-07,115.88,116.25,112.7,114.14,5067642.0,121600000.0,0.0416746875
2018-12-10,112.88,116.0,112.88,115.12,2984338.0,121600000.0,0.024542253289473685
2018-12-11,115.65,116.3,112.5,113.36,4050229.0,121600000.0,0.033307804276315786
2018-12-12,113.8,114.64,113.11,113.93,2752862.0,121600000.0,0.022638667763157896
2018-12-13,113.9,116.26,113.55,116.2,2926751.0,121600000.0,0.024068675986842106
2018-12-14,116.1,116.27,107.81,107.81,7269624.0,121600000.0,0.059783092105263155
2018-12-17,106.12,107.0,101.95,106.23,4950579.0,121600000.0,0.04071199835526316
2018-12-18,104.11,106.5,103.68,105.4,3132499.0,121600000.0,0.025760682565789474
2018-12-19,105.76,106.28,97.77,98.23,7661781.0,121600000.0,0.06300806743421053
2018-12-20,98.0,101.4,97.9,100.66,4779757.0,121600000.0,0.03930721217105263
2018-12-21,99.77,100.53,98.51,99.32,3028352.0,121600000.0,0.02490421052631579
2018-12-24,99.46,104.7,99.46,103.3,3656491.0,121600000.0,0.03006982730263158
2018-12-25,102.4,106.99,102.0,105.99,4404731.0,121600000.0,0.03622311677631579
2018-12-26,105.99,109.56,105.29,107.3,3533381.0,121600000.0,0.029057409539473684
2018-12-27,108.7,109.35,106.82,107.51,4131329.0,121600000.0,0.03397474506578947
2018-12-28,107.5,109.63,106.3,109.22,3253053.0,121600000.0,0.02675208059210526
2019-01-02,106.45,106.8,99.55,103.78,5898761.0,121600000.0,0.04850954769736842
2019-01-03,103.3,105.0,99.96,101.32,3845852.0,121600000.0,0.03162707236842105
2019-01-04,100.58,102.85,99.48,101.58,4276913.0,121600000.0,0.03517198190789474
2019-01-07,101.06,103.98,100.69,101.73,4345843.0,121600000.0,0.03573884046052631
2019-01-08,101.11,101.99,97.78,99.5,5213478.0,121600000.0,0.042873996710526316
2019-01-09,99.89,105.29,99.55,102.98,5818461.0,121600000.0,0.04784918585526316
2019-01-10,104.3,105.18,102.28,103.32,4136218.0,121600000.0,0.034014950657894734
2019-01-11,102.9,105.0,102.4,104.91,2072275.0,121600000.0,0.017041735197368423
2019-01-14,104.8,104.8,102.68,104.1,1950428.0,121600000.0,0.016039703947368422
2019-01-15,103.88,106.5,103.49,104.98,2113841.0,121600000.0,0.017383560855263158
2019-01-16,104.66,106.39,103.81,105.69,2031040.0,121600000.0,0.016702631578947368
2019-01-17,105.49,106.45,104.91,105.75,1658208.0,121600000.0,0.013636578947368421
2019-01-18,105.39,109.7,105.39,109.5,3279080.0,121600000.0,0.02696611842105263
2019-01-21,110.8,114.85,110.36,111.11,4207973.0,121600000.0,0.034605041118421054
2019-01-22,111.6,112.38,107.51,108.49,2358542.0,121600000.0,0.019395904605263158
2019-01-23,108.48,110.48,108.2,110.27,1460294.0,121600000.0,0.012008996710526316
2019-01-24,109.6,110.2,106.78,108.0,2424214.0,121600000.0,0.01993597039473684
2019-01-25,108.0,109.43,106.85,106.93,3073749.0,121600000.0,0.02527754111842105
2019-01-28,107.39,108.18,106.1,106.31,1611291.0,121600000.0,0.013250748355263157
2019-01-29,106.47,106.47,102.51,103.98,3294995.0,121600000.0,0.027096998355263156
2019-01-30,103.8,106.95,103.05,106.13,2587858.0,121600000.0,0.02128172697368421
2019-01-31,107.44,108.78,104.95,106.73,3138730.0,121600000.0,0.025811924342105264
2019-02-01,107.31,111.2,106.85,110.96,3068125.0,121600000.0,0.025231291118421054
2019-02-11,111.09,112.77,109.71,112.0,3598550.0,121600000.0,0.029593338815789474
2019-02-12,111.8,114.88,111.5,113.82,3388824.0,121600000.0,0.02786861842105263
2019-02-13,112.88,114.0,111.75,113.58,3492626.0,121600000.0,0.028722253289473684
2019-02-14,113.38,116.91,112.83,115.74,3857411.0,121600000.0,0.03172212993421052
2019-02-15,115.21,115.65,112.7,113.15,2578186.0,121600000.0,0.0212021875
2019-02-18,113.18,115.75,113.18,115.06,3504403.0,121600000.0,0.028819103618421053
2019-02-19,115.58,120.3,115.48,115.86,4290221.0,121600000.0,0.03528142269736842
2019-02-20,115.61,115.95,111.53,113.0,3798315.0,121600000.0,0.031236143092105262
2019-02-21,112.99,113.74,111.32,112.2,3222334.0,121600000.0,0.026499457236842106
2019-02-22,112.0,114.6,111.5,114.17,3061310.0,121600000.0,0.025175246710526317
2019-02-25,115.03,122.9,115.03,122.85,6022200.0,121600000.0,0.04952467105263158
2019-02-26,122.49,122.5,118.65,119.2,4974801.0,121600000.0,0.04091119243421053
2019-02-27,118.4,119.3,115.04,115.73,4237863.0,121600000.0,0.034850847039473686
2019-02-28,117.25,127.3,116.68,127.3,8155407.0,121600000.0,0.0670674917763158
2019-03-01,129.0,131.0,124.81,128.39,5811638.0,121600000.0,0.047793075657894736
2019-03-04,129.71,138.8,129.71,132.55,7148453.0,121600000.0,0.058786620065789476
2019-03-05,129.8,133.62,129.2,132.6,4834055.0,121600000.0,0.03975374177631579
2019-03-06,132.7,134.02,128.45,130.85,5390518.0,121600000.0,0.044329917763157894
2019-03-07,129.18,129.22,125.38,127.3,6437702.0,121600000.0,0.052941628289473686
2019-03-08,124.0,129.32,123.0,125.81,5019720.0,121600000.0,0.04128059210526316
2019-03-11,125.34,132.5,124.0,130.67,5088250.0,121600000.0,0.04184416118421053
2019-03-12,130.99,133.0,125.49,128.24,5786816.0,121600000.0,0.04758894736842105
2019-03-13,128.51,131.45,126.5,127.28,4456034.0,121600000.0,0.03664501644736842
2019-03-14,127.26,132.0,127.0,130.45,3953903.0,121600000.0,0.03251564967105263
2019-03-15,131.2,138.88,131.2,135.3,5391508.0,121600000.0,0.04433805921052632
2019-03-18,136.5,136.52,127.0,132.0,7486044.0,121600000.0,0.061562861842105264
2019-03-19,132.33,134.9,130.61,131.2,3710423.0,121600000.0,0.030513347039473684
2019-03-20,130.01,133.5,130.0,132.13,2772843.0,121600000.0,0.02280298519736842
2019-03-21,131.9,132.0,129.77,130.21,3474266.0,121600000.0,0.02857126644736842
2019-03-22,130.88,131.3,128.9,130.4,2159911.0,121600000.0,0.017762425986842106
2019-03-25,127.79,128.45,126.71,127.45,3654420.0,121600000.0,0.03005279605263158
2019-03-26,128.22,129.96,126.79,127.98,3082674.0,121600000.0,0.0253509375
2019-03-27,128.5,130.8,127.28,128.61,2171878.0,121600000.0,0.017860838815789475
2019-03-28,127.88,132.2,127.1,130.84,2602920.0,121600000.0,0.021405592105263157
2019-03-29,130.84,134.5,130.84,134.3,3450311.0,121600000.0,0.028374268092105262
2019-04-01,135.8,139.02,133.9,135.48,4805319.0,121600000.0,0.0395174259868421
2019-04-02,135.79,136.0,133.01,133.53,3128776.0,121600000.0,0.025730065789473684
2019-04-03,133.3,133.3,130.43,132.55,3332206.0,121600000.0,0.027403009868421053
2019-04-04,131.7,133.97,130.6,131.7,2419024.0,121600000.0,0.01989328947368421
2019-04-08,132.65,132.69,128.3,128.97,3688653.0,121600000.0,0.030334317434210525
2019-04-09,128.08,130.5,128.08,130.15,2048966.0,121600000.0,0.016850049342105263
2019-04-10,130.89,132.46,128.51,130.49,3705340.0,121600000.0,0.03047154605263158
2019-04-11,130.5,130.87,128.02,128.98,2516269.0,121600000.0,0.020693001644736843
2019-04-12,128.98,130.51,128.3,129.31,1683920.0,121600000.0,0.013848026315789474
2019-04-15,129.83,130.47,125.38,125.59,3440734.0,121600000.0,0.028295509868421054
2019-04-16,125.68,126.81,123.5,126.1,2355356.0,121600000.0,0.019369703947368422
2019-04-17,126.4,128.82,126.4,127.77,1723327.0,121600000.0,0.014172097039473685
2019-04-18,127.6,128.0,126.9,127.0,912730.0,121600000.0,0.007506003289473684
2019-04-19,126.52,128.39,124.55,127.91,1812976.0,121600000.0,0.014909342105263158
2019-04-22,127.86,129.1,126.3,128.0,1361592.0,121600000.0,0.011197302631578948
2019-04-23,128.13,132.44,127.8,131.05,3417965.0,121600000.0,0.02810826480263158
2019-04-24,131.7,132.58,130.0,131.89,1858387.0,121600000.0,0.015282787828947368
2019-04-25,131.89,137.99,131.4,134.08,4265077.0,121600000.0,0.03507464638157895
2019-04-26,133.5,137.88,132.7,135.81,3094101.0,121600000.0,0.025444909539473683
2019-04-29,135.82,145.01,135.82,140.95,4673378.0,121600000.0,0.03843238486842105
2019-04-30,140.5,144.0,139.1,140.84,2503719.0,121600000.0,0.020589794407894737
2019-05-06,134.5,135.99,131.0,133.5,4618877.0,121600000.0,0.037984185855263156
2019-05-07,134.95,140.6,134.95,136.25,3607156.0,121600000.0,0.029664111842105264
2019-05-08,132.5,142.06,132.0,139.4,3615518.0,121600000.0,0.029732878289473685
2019-05-09,138.89,140.49,135.86,136.11,2624782.0,121600000.0,0.021585378289473683
2019-05-10,138.8,145.52,137.0,144.5,3738223.0,121600000.0,0.030741965460526315
2019-05-13,142.7,150.0,142.58,147.63,2798424.0,121600000.0,0.023013355263157894
2019-05-14,145.31,147.31,142.64,143.76,3069694.0,121600000.0,0.025244194078947367
2019-05-15,143.6,144.2,140.14,143.2,3008139.0,121600000.0,0.02473798519736842
2019-05-16,142.98,142.98,139.3,141.7,2572124.0,121600000.0,0.02115233552631579
2019-05-17,141.0,144.49,137.8,139.18,2329147.0,121600000.0,0.019154169407894737
2019-05-20,139.99,139.99,134.2,137.1,2312487.0,121600000.0,0.01901716282894737
2019-05-21,138.1,143.32,137.03,142.78,2525745.0,121600000.0,0.02077092927631579
2019-05-22,142.01,143.6,140.51,141.52,1172710.0,121600000.0,0.009643996710526315
2019-05-23,141.5,141.5,139.48,139.8,964350.0,121600000.0,0.007930509868421053
2019-05-24,140.05,141.65,138.28,139.69,1323740.0,121600000.0,0.010886019736842105
2019-05-27,140.03,143.96,139.0,143.62,1452692.0,121600000.0,0.011946480263157895
2019-05-28,143.5,147.71,142.33,147.71,2797175.0,121600000.0,0.023003083881578946
2019-05-29,146.0,147.0,144.25,146.5,1088844.0,121600000.0,0.008954309210526316
2019-05-30,145.08,148.2,143.53,146.69,1675314.0,121600000.0,0.013777253289473684
2019-05-31,147.5,150.99,146.55,148.51,1869608.0,121600000.0,0.015375065789473685
2019-06-03,148.99,152.92,148.51,152.83,2666376.0,121600000.0,0.021927434210526314
2019-06-04,153.36,154.34,147.78,148.51,2731237.0,121600000.0,0.02246083059210526
2019-06-05,150.04,157.73,149.51,154.65,3428853.0,121600000.0,0.02819780427631579
2019-06-06,153.04,153.07,148.61,150.02,3085964.0,121600000.0,0.02537799342105263
2019-06-10,150.02,154.38,150.02,152.71,1332431.0,121600000.0,0.01095749177631579
2019-06-11,152.71,156.16,152.13,156.11,1996430.0,121600000.0,0.01641800986842105
2019-06-12,155.05,158.57,153.89,158.07,1652548.0,121600000.0,0.013590032894736842
2019-06-13,157.57,158.11,154.24,155.01,1903335.0,121600000.0,0.015652425986842106
2019-06-14,155.03,155.82,152.38,153.04,1783640.0,121600000.0,0.014668092105263158
2019-06-17,153.18,155.11,150.02,151.63,1935304.0,121600000.0,0.015915328947368423
2019-06-18,152.43,154.71,150.53,154.34,1638778.0,121600000.0,0.013476792763157894
2019-06-19,157.07,157.87,154.67,155.31,1600652.0,121600000.0,0.013163256578947369
2019-06-20,155.8,159.68,154.85,158.83,2478436.0,121600000.0,0.020381875
2019-06-21,161.25,162.1,157.46,158.58,3798076.0,121600000.0,0.031234177631578947
2019-06-24,159.03,159.62,156.24,159.41,2345532.0,121600000.0,0.01928891447368421
2019-06-25,158.21,158.98,155.36,155.74,1820832.0,121600000.0,0.014973947368421052
2019-06-26,155.11,159.33,154.87,159.33,1830581.0,121600000.0,0.015054120065789474
2019-06-27,160.06,164.72,158.78,163.51,2119281.0,121600000.0,0.017428297697368422
2019-06-28,163.56,165.62,162.28,164.31,1174895.0,121600000.0,0.009661965460526317
2019-07-01,165.63,169.75,165.63,169.7,1813319.0,121600000.0,0.014912162828947369
2019-07-02,171.09,176.78,169.71,175.19,3491549.0,121600000.0,0.028713396381578948
2019-07-03,174.08,175.18,164.11,166.93,4104687.0,121600000.0,0.03375564967105263
2019-07-04,166.72,167.89,161.1,163.7,2907231.0,121600000.0,0.02390814967105263
2019-07-05,163.61,166.41,162.7,165.12,2356249.0,121600000.0,0.01937704769736842
2019-07-08,164.12,165.48,161.69,164.11,2035476.0,121600000.0,0.01673911184210526
2019-07-09,164.99,165.07,161.9,163.31,1056533.0,121600000.0,0.00868859375
2019-07-10,164.02,166.53,162.64,166.39,1816871.0,121600000.0,0.014941373355263158
2019-07-11,167.64,169.15,163.29,164.0,2070388.0,121600000.0,0.01702621710526316
2019-07-12,163.36,165.78,159.07,160.08,2607123.0,121600000.0,0.02144015625
2019-07-15,161.08,161.56,155.94,160.15,2571665.0,121600000.0,0.02114856085526316
2019-07-16,160.15,161.03,153.63,155.48,3765963.0,121600000.0,0.030970090460526317
2019-07-17,154.71,159.73,154.71,159.08,2430498.0,121600000.0,0.01998764802631579
2019-07-18,159.19,160.99,157.37,158.28,1501029.0,121600000.0,0.012343988486842105
2019-07-19,158.85,160.69,157.47,157.67,1292819.0,121600000.0,0.010631735197368422
2019-07-22,158.22,160.09,154.42,157.91,1378273.0,121600000.0,0.011334481907894737
2019-07-23,158.42,158.92,155.65,156.23,1129302.0,121600000.0,0.00928702302631579
2019-07-24,157.52,161.24,155.75,160.08,1698952.0,121600000.0,0.013971644736842105
2019-07-25,159.61,164.31,158.12,164.21,2606414.0,121600000.0,0.021434325657894736
2019-07-26,163.1,167.34,162.54,165.52,2039408.0,121600000.0,0.016771447368421052
2019-07-29,166.63,167.0,161.39,162.1,2192663.0,121600000.0,0.018031768092105264
2019-07-30,161.19,165.21,161.15,163.49,1299102.0,121600000.0,0.010683404605263158
2019-07-31,162.25,163.7,159.38,159.98,1412818.0,121600000.0,0.011618569078947368
2019-08-01,159.2,161.96,157.3,158.86,1846157.0,121600000.0,0.015182212171052631
2019-08-02,156.05,160.42,155.35,159.68,1431674.0,121600000.0,0.011773634868421052
2019-08-05,158.46,159.06,150.01,154.41,3654116.0,121600000.0,0.03005029605263158
2019-08-06,151.02,155.92,150.23,153.85,2193415.0,121600000.0,0.01803795230263158
2019-08-07,154.71,158.3,154.07,156.93,1797286.0,121600000.0,0.0147803125
2019-08-08,158.37,162.75,156.06,161.24,2028565.0,121600000.0,0.016682277960526317
2019-08-09,162.09,165.51,160.38,161.46,2747381.0,121600000.0,0.02259359375
2019-08-12,161.39,163.98,161.09,162.13,1264275.0,121600000.0,0.010396998355263158
2019-08-13,162.13,165.3,161.57,164.12,1674684.0,121600000.0,0.013772072368421052
2019-08-14,166.12,167.61,164.14,166.21,1844864.0,121600000.0,0.015171578947368421
2019-08-15,164.55,167.33,164.11,166.23,1036251.0,121600000.0,0.008521800986842106
2019-08-16,167.33,170.1,166.23,167.64,1459612.0,121600000.0,0.012003388157894737
2019-08-19,171.5,172.94,168.79,170.45,2362484.0,121600000.0,0.019428322368421052
2019-08-20,172.55,173.07,170.15,171.68,1349023.0,121600000.0,0.011093939144736843
2019-08-21,171.68,172.15,167.86,169.64,2311554.0,121600000.0,0.019009490131578946
2019-08-22,169.61,171.51,168.74,171.28,1382328.0,121600000.0,0.011367828947368422
2019-08-23,170.74,176.9,169.65,176.6,2218763.0,121600000.0,0.01824640625
2019-08-26,174.68,179.72,173.98,176.18,2262320.0,121600000.0,0.018604605263157895
2019-08-27,177.2,184.71,177.2,183.84,2876686.0,121600000.0,0.023656957236842104
2019-08-28,183.75,186.18,179.71,183.15,1949936.0,121600000.0,0.016035657894736842
2019-08-29,182.23,182.63,176.58,180.3,2662289.0,121600000.0,0.021893824013157894
2019-08-30,181.23,192.77,179.23,187.62,3185328.0,121600000.0,0.02619513157894737
2019-09-02,187.26,193.31,186.31,191.13,1742358.0,121600000.0,0.014328601973684211
2019-09-03,191.13,191.13,183.47,185.72,3059161.0,121600000.0,0.025157574013157893
2019-09-04,184.73,186.03,181.13,184.11,1953311.0,121600000.0,0.016063412828947368
2019-09-05,184.85,187.26,181.56,183.57,2624617.0,121600000.0,0.021584021381578947
2019-09-06,183.54,185.08,181.23,184.65,1828329.0,121600000.0,0.015035600328947369
2019-09-09,185.35,186.25,182.31,183.52,1817751.0,121600000.0,0.014948610197368421
2019-09-10,184.14,184.23,179.48,181.13,2196828.0,121600000.0,0.018066019736842104
2019-09-11,182.51,184.42,179.21,181.43,1408938.0,121600000.0,0.011586661184210527
2019-09-12,181.44,182.03,179.36,181.49,1142650.0,121600000.0,0.009396792763157896
2019-09-16,182.23,183.91,179.52,183.14,1573129.0,121600000.0,0.012936916118421052
2019-09-17,182.74,186.76,181.81,183.21,1694187.0,121600000.0,0.013932458881578947
2019-09-18,184.12,186.11,182.47,185.92,1930113.0,121600000.0,0.01587263980263158
2019-09-19,187.17,187.82,183.4,185.32,1304874.0,121600000.0,0.010730871710526316
2019-09-20,184.78,189.67,184.42,188.44,2412229.0,121600000.0,0.019837409539473685
2019-09-23,188.18,188.18,182.8,184.61,1569395.0,121600000.0,0.012906208881578948
2019-09-24,183.3,190.14,183.24,188.25,1974463.0,121600000.0,0.01623736019736842
2019-09-25,187.42,192.4,186.9,191.12,1928606.0,121600000.0,0.015860246710526316
2019-09-26,192.46,197.94,190.32,191.17,2388844.0,121600000.0,0.019645098684210525
2019-09-27,190.25,194.19,187.61,191.13,1785729.0,121600000.0,0.014685271381578947
2019-09-30,190.29,190.29,183.24,185.72,2051172.0,121600000.0,0.016868190789473683
2019-10-08,183.24,191.78,182.23,184.74,2273208.0,121600000.0,0.018694144736842104
2019-10-09,183.5,188.58,173.66,176.49,4018545.0,121600000.0,0.033047245065789474
2019-10-10,179.11,187.79,178.21,186.29,3546440.0,121600000.0,0.02916480263157895
2019-10-11,186.72,189.08,182.72,183.6,2175166.0,121600000.0,0.017887878289473684
2019-10-14,184.25,187.77,180.26,181.24,3572315.0,121600000.0,0.029377590460526317
2019-10-15,181.22,185.76,178.79,181.08,2873360.0,121600000.0,0.023629605263157896
2019-10-16,171.16,182.23,171.16,173.3,21295045.0,499134263.99999994,0.04266396145466784
2019-10-17,176.78,181.98,175.03,180.5,17844827.0,499134263.99999994,0.03575155681958953
2019-10-18,181.57,184.24,178.03,178.11,7339430.0,499134263.99999994,0.014704320118564332
2019-10-21,178.5,179.54,173.57,176.37,6549992.0,499134263.99999994,0.01312270559730598
2019-10-22,177.53,178.61,175.29,177.21,5832718.0,499134263.99999994,0.011685669409383606
2019-10-23,177.4,177.62,175.19,176.06,2932039.0,499134263.99999994,0.005874249097833926
2019-10-24,176.19,176.68,171.06,173.08,4464323.0,499134263.99999994,0.008944132515014037
2019-10-25,173.27,178.21,172.27,177.49,5575139.0,499134263.99999994,0.011169617880610978
2019-10-28,177.2,178.2,173.18,177.4,5938603.0,499134263.99999994,0.0118978067191957
2019-10-29,177.96,181.22,176.91,179.8,8588487.0,499134263.99999994,0.017206767035332204
2019-10-30,182.13,182.94,179.21,180.38,8087882.0,499134263.99999994,0.01620382046142198
2019-10-31,182.22,182.38,177.73,179.21,6209446.0,499134263.99999994,0.012440432260126307
2019-11-01,180.2,181.46,179.41,181.03,6713357.0,499134263.99999994,0.01345000230238652
2019-11-04,182.46,191.8,181.54,189.38,12630911.0,499134263.99999994,0.02530563800364545
2019-11-05,190.57,195.01,188.86,194.27,7057668.0,499134263.99999994,0.014139818700164413
2019-11-06,194.12,194.19,189.96,190.6,4924101.0,499134263.99999994,0.009865283462086667
2019-11-07,191.3,196.64,190.6,196.33,5259908.0,499134263.99999994,0.01053806235991044
2019-11-08,197.89,197.94,194.34,195.79,3790478.0,499134263.99999994,0.007594104980138171
2019-11-11,195.79,196.93,190.17,190.59,4064483.0,499134263.99999994,0.008143065489889911
2019-11-12,191.31,195.02,190.4,192.57,3936608.0,499134263.99999994,0.00788687189785873
2019-11-13,192.58,201.61,191.85,198.95,5799068.0,499134263.99999994,0.011618252679202965
2019-11-14,198.98,201.04,197.44,199.35,4090565.0,499134263.99999994,0.008195319967053995
2019-11-15,199.37,201.36,194.43,195.32,4674279.0,499134263.99999994,0.009364772841962219
2019-11-18,194.31,196.28,192.3,195.63,2650805.0,499134263.99999994,0.005310805511039812
2019-11-19,194.82,197.62,194.12,196.35,3738091.0,499134263.99999994,0.007489149252234065
2019-11-20,196.14,200.03,195.83,196.34,4177215.0,499134263.99999994,0.008368920551605331
2019-11-21,196.21,196.33,190.95,191.3,4103677.0,499134263.99999994,0.008221589451931516
2019-11-22,192.81,193.11,179.41,183.94,7754938.0,499134263.99999994,0.015536777495203177
2019-11-25,184.4,187.07,179.77,183.74,4760355.0,499134263.99999994,0.009537223435336029
2019-11-26,185.25,186.87,184.25,185.91,4432271.0,499134263.99999994,0.008879917328216122
2019-11-27,185.51,186.02,181.13,184.26,3594617.0,499134263.99999994,0.007201703548045743
2019-11-28,185.56,189.16,184.76,186.11,4245438.0,499134263.99999994,0.00850560321380782
2019-11-29,184.75,186.11,178.51,180.92,4862951.0,499134263.99999994,0.00974277133577029
2019-12-02,181.13,184.15,179.5,181.58,3351334.0,499134263.99999994,0.006714293611387897
2019-12-03,181.23,182.13,174.85,181.26,5540719.0,499134263.99999994,0.011100658479338539
2019-12-04,180.3,183.24,179.31,182.41,3456065.0,499134263.99999994,0.006924118918031242
2019-12-05,183.54,184.6,182.45,183.54,2964141.0,499134263.99999994,0.00593856445807936
2019-12-06,184.25,187.45,182.34,187.45,4259626.0,499134263.99999994,0.008534028431275958
2019-12-09,187.05,188.05,180.18,183.14,6909275.0,499134263.99999994,0.01384251793220912
2019-12-10,182.74,184.93,181.23,181.83,3349961.0,499134263.99999994,0.006711542848519012
2019-12-11,181.75,181.75,178.01,179.67,5481003.0,499134263.99999994,0.01098101932749702
2019-12-12,180.03,182.1,178.91,181.73,5612937.0,499134263.99999994,0.011245344999997837
2019-12-13,182.54,189.23,181.72,186.56,8240455.0,499134263.99999994,0.016509495729589905
2019-12-16,186.56,187.77,181.44,183.0,5997234.0,499134263.99999994,0.012015272107226044
2019-12-17,183.01,183.91,181.73,182.99,4979304.0,499134263.99999994,0.009975880958555072
2019-12-18,183.22,183.24,178.97,179.7,4989262.0,499134263.99999994,0.009995831502363061
2019-12-19,180.59,180.69,179.27,180.52,1891701.0,499134263.99999994,0.003789964216922604
2019-12-20,180.54,180.95,177.09,177.25,5234607.0,499134263.99999994,0.010487372591996611
2019-12-23,177.51,179.86,175.46,175.74,3216058.0,499134263.99999994,0.006443272345654876
2019-12-24,176.19,179.14,172.75,177.3,4740069.0,499134263.99999994,0.009496581064208408
2019-12-25,176.74,177.68,175.17,177.15,2699468.0,499134263.99999994,0.0054083003205726635
2019-12-26,177.14,180.29,176.5,179.36,2834012.0,499134263.99999994,0.005677855047033999
2019-12-27,178.61,180.52,176.58,176.68,2864144.0,499134263.99999994,0.0057382235734471645
2019-12-30,176.68,180.22,176.19,179.33,3094584.0,499134263.99999994,0.006199902958375144
2019-12-31,180.33,183.14,179.31,183.14,3362478.0,499134263.99999994,0.006736620269371049
2020-01-02,183.24,183.82,180.88,181.56,3679013.0,499134263.99999994,0.007370788313582897
2020-01-03,183.33,183.33,178.98,179.21,3442870.0,499134263.99999994,0.00689768314523084
2020-01-06,178.17,179.77,177.25,177.82,3959764.0,499134263.99999994,0.007933264224873973
2020-01-07,178.81,182.16,177.82,181.93,3544309.0,499134263.99999994,0.007100913032089499
2020-01-08,181.18,183.21,180.42,181.38,2886523.0,499134263.99999994,0.005783059205087953
2020-01-09,181.48,192.52,181.48,191.15,7348336.0,499134263.99999994,0.01472216301303651
2020-01-10,191.01,192.16,188.28,188.78,3628429.0,499134263.99999994,0.0072694448401963456
2020-01-13,189.28,190.14,186.26,189.58,3267106.0,499134263.99999994,0.006545545428634409
2020-01-14,190.64,191.29,187.05,188.27,2793505.0,499134263.99999994,0.005596700530260532
2020-01-15,188.27,190.89,187.85,189.72,3380073.0,499134263.99999994,0.006771871305553169
2020-01-16,189.72,195.22,188.52,194.01,4497440.0,499134263.99999994,0.009010481396244118
2020-01-17,194.4,196.03,191.3,194.37,3056911.0,499134263.99999994,0.006124426272607084
2020-01-20,196.34,197.31,192.48,195.36,3851186.0,499134263.99999994,0.007715731573178475
2020-01-21,195.81,201.56,193.31,194.69,4517045.0,499134263.99999994,0.009049759405016523
2020-01-22,196.33,197.02,190.2,194.59,4389822.0,499134263.99999994,0.008794872074740997
2020-01-23,196.33,196.33,187.21,188.96,4394808.0,499134263.99999994,0.008804861370927643
2020-02-03,188.96,198.62,179.21,187.27,8848845.0,499134263.99999994,0.017728386204317964
2020-02-04,189.15,205.77,188.51,201.35,10056318.0,499134263.99999994,0.020147520868252798
2020-02-05,208.29,221.49,207.4,221.49,11001148.0,499134263.99999994,0.022040458436650225
2020-02-06,231.56,231.56,219.18,223.35,14239018.0,499134263.99999994,0.02852743044705102
2020-02-07,223.41,226.53,213.57,217.34,8663929.0,499134263.99999994,0.01735791273988756
2020-02-10,218.48,227.54,218.48,226.97,9450734.0,499134263.99999994,0.018934252127399534
2020-02-11,225.71,228.04,222.18,224.72,5244933.0,499134263.99999994,0.010508060412378343
2020-02-12,224.52,230.19,222.56,229.55,5287564.0,499134263.99999994,0.010593470297202439
2020-02-13,230.44,232.07,225.53,228.65,4370194.0,499134263.99999994,0.008755547986182733
2020-02-14,227.54,242.64,227.34,238.16,6035730.0,499134263.99999994,0.012092397647940276
2020-02-17,242.22,253.24,241.64,243.0,6291551.0,499134263.99999994,0.012604927078298116
2020-02-18,239.68,246.57,239.61,243.94,3852644.0,499134263.99999994,0.007718652630908145
2020-02-19,240.64,243.63,235.59,236.4,6300096.0,499134263.99999994,0.012622046720479204
2020-02-20,236.4,239.42,234.72,236.59,4846309.0,499134263.99999994,0.009709429605497892
2020-02-21,234.74,244.03,231.64,241.98,6566427.0,499134263.99999994,0.013155632609505648
2020-02-24,244.15,253.25,243.75,251.78,8136347.0,499134263.99999994,0.016300918584102656
2020-02-25,252.71,266.29,249.77,261.15,8060033.0,499134263.99999994,0.016148025854622557
2020-02-26,260.77,261.07,248.99,249.59,7981781.0,499134263.99999994,0.015991250402316602
2020-02-27,250.19,252.61,244.4,246.77,6256184.0,499134263.99999994,0.012534070391929657
2020-02-28,245.66,249.5,238.62,240.63,10482896.0,499134263.99999994,0.021002156646172464
2020-03-02,247.68,249.19,241.65,244.63,6369642.0,499134263.99999994,0.01276137997210306
2020-03-03,260.77,269.09,259.26,263.78,10375804.0,499134263.99999994,0.020787601149337247
2020-03-04,265.8,265.8,253.49,258.76,6706507.0,499134263.99999994,0.013436278540076344
2020-03-05,265.8,271.85,260.87,263.0,7061403.0,499134263.99999994,0.014147301656694122
2020-03-06,256.74,271.34,256.32,265.3,5364503.0,499134263.99999994,0.010747615194776532
2020-03-09,262.57,277.42,260.31,268.52,6685133.0,499134263.99999994,0.0133934563947307
2020-03-10,265.8,269.37,248.74,260.95,9825141.0,499134263.99999994,0.01968436492670838
2020-03-11,260.97,262.66,249.48,250.7,6894538.0,499134263.99999994,0.013812992810287215
2020-03-12,257.42,257.53,242.64,245.86,8743952.0,499134263.99999994,0.017518236335704658
2020-03-13,232.47,253.93,229.89,247.94,9625449.0,499134263.99999994,0.019284288205067005
2020-03-16,251.7,262.18,239.62,242.21,10555219.0,499134263.99999994,0.021147053531071554
2020-03-17,247.42,250.7,231.63,244.15,6852882.0,499134263.99999994,0.01372953630768975
2020-03-18,245.66,247.06,235.8,236.1,7004055.0,499134263.99999994,0.014032406719327128
2020-03-19,234.1,237.51,221.5,227.83,9398388.0,499134263.99999994,0.018829378541722397
2020-03-20,231.67,239.53,229.55,237.61,8186446.0,499134263.99999994,0.01640129037504827
2020-03-23,233.88,249.27,233.58,244.2,9236924.0,499134263.99999994,0.01850589043111655
2020-03-24,251.7,251.7,241.49,244.86,6081519.0,499134263.99999994,0.012184134487709705
2020-03-25,249.51,256.65,249.51,255.61,6096081.0,499134263.99999994,0.012213309002565292
2020-03-26,256.55,272.34,253.94,270.53,9167436.0,499134263.99999994,0.018366673380691815
2020-03-27,275.57,275.74,258.75,264.62,8082776.0,499134263.99999994,0.016193590748961286
2020-03-30,266.81,275.21,259.31,260.45,8211091.0,499134263.99999994,0.01645066586733064
2020-03-31,260.46,266.81,257.95,263.48,5928301.0,499134263.99999994,0.011877166982068778
2020-04-01,264.79,265.6,255.32,256.57,6085613.0,499134263.99999994,0.012192336689592603
2020-04-02,256.57,256.75,249.19,255.83,7454073.0,499134263.99999994,0.014934003809443947
2020-04-03,255.83,262.78,254.81,258.63,7491107.0,499134263.99999994,0.015008200278552708
2020-04-07,262.38,268.5,255.74,266.52,9773387.0,499134263.99999994,0.019580677394649873
2020-04-08,265.26,273.45,262.53,268.8,6502577.0,499134263.99999994,0.013027711117023217
2020-04-09,269.02,277.63,265.7,273.34,6893050.0,499134263.99999994,0.013810011648489034
2020-04-10,268.82,269.04,261.62,263.19,7517188.0,499134263.99999994,0.015060452752247842
2020-04-13,263.29,267.01,260.56,262.48,3526937.0,499134263.99999994,0.007066108769483315
2020-04-14,264.82,265.4,260.26,262.78,5289963.0,499134263.99999994,0.010598276619214426
2020-04-15,263.88,270.33,262.79,266.36,5321271.0,499134263.99999994,0.01066100122511325
2020-04-16,263.74,265.8,258.85,264.29,4195003.0,499134263.99999994,0.008404558257294876
2020-04-17,263.89,265.28,260.77,261.01,5583424.0,499134263.99999994,0.011186216620864964
2020-04-20,261.77,271.34,261.77,267.76,6528449.0,499134263.99999994,0.013079544865707718
2020-04-21,267.78,270.33,264.79,269.85,4329340.0,499134263.99999994,0.008673698265683481
2020-04-22,268.6,275.12,263.87,274.48,4760527.0,499134263.99999994,0.009537568031995496
2020-04-23,275.85,279.65,270.84,272.36,4256276.0,499134263.99999994,0.008527316810292151
2020-04-24,272.37,274.16,267.16,267.48,3054412.0,499134263.99999994,0.006119419603700059
2020-04-27,269.37,276.47,266.16,274.85,4144546.0,499134263.99999994,0.008303469224465024
2020-04-28,275.12,277.9,269.83,275.97,3839108.0,499134263.99999994,0.007691533675195659
2020-04-29,272.36,274.38,263.79,266.5,5342178.0,499134263.99999994,0.010702887750459064
2020-04-30,265.79,265.8,256.74,258.05,7915627.0,499134263.99999994,0.01585871291737247
2020-05-06,254.72,263.73,253.8,262.56,5646306.0,499134263.99999994,0.011312198755403418
2020-05-07,265.09,267.8,261.56,266.5,3514292.0,499134263.99999994,0.007040774904605628
2020-05-08,268.82,270.33,265.18,268.02,3662144.0,499134263.99999994,0.00733699179585876
2020-05-11,270.33,270.78,260.26,261.87,5286092.0,499134263.99999994,0.010590521190907464
2020-05-12,261.87,263.06,259.86,262.05,3829799.0,499134263.99999994,0.007672883382736475
2020-05-13,262.78,270.43,262.05,269.01,5751904.0,499134263.99999994,0.011523761069626751
2020-05-14,269.02,273.04,267.1,269.63,4663892.0,499134263.99999994,0.009343962809974514
2020-05-15,271.14,271.14,260.21,263.43,5942658.0,499134263.99999994,0.011905930785789534
2020-05-18,264.77,271.35,261.81,268.33,7512936.0,499134263.99999994,0.015051934002270782
2020-05-19,271.26,273.76,268.32,273.1,6954673.0,499134263.99999994,0.013933471415618947
2020-05-20,273.37,278.24,265.15,266.3,6424793.0,499134263.99999994,0.012871873288186043
2020-05-21,270.13,292.18,269.09,286.54,12404400.0,499134263.99999994,0.024851830248223555
2020-05-22,286.53,286.56,274.18,277.55,6677424.0,499134263.99999994,0.013378011652592139
2020-05-25,278.43,283.78,272.51,282.48,4450190.0,499134263.99999994,0.00891581748833817
2020-05-26,284.51,290.04,279.47,289.26,5120567.0,499134263.99999994,0.010258896992894081
2020-05-27,288.05,290.58,278.54,280.41,4778661.0,499134263.99999994,0.009573898937941878
2020-05-28,281.49,281.78,271.06,275.09,4509984.0,499134263.99999994,0.009035612910757817
2020-05-29,274.49,282.28,272.46,282.28,4372258.0,499134263.99999994,0.008759683146096339
2020-06-01,282.28,286.08,277.42,284.77,4309798.0,499134263.99999994,0.00863454647545495
2020-06-02,283.4,284.5,276.71,279.1,4303336.0,499134263.99999994,0.008621600059097527
2020-06-03,279.1,284.5,276.74,280.01,4404975.0,499134263.99999994,0.008825230639746265
2020-06-04,280.03,280.76,274.18,277.62,4088741.0,499134263.99999994,0.008191665639688483
2020-06-05,277.62,277.62,274.4,277.25,2991398.0,499134263.99999994,0.0059931730112601535
2020-06-08,278.23,279.04,273.03,274.33,5662901.0,499134263.99999994,0.011345446322635146
2020-06-09,273.43,277.32,270.45,275.93,4286549.0,499134263.99999994,0.008587967825827322
2020-06-10,274.49,279.43,274.34,277.25,3929857.0,499134263.99999994,0.007873346478974644
2020-06-11,277.22,282.28,274.69,276.11,5074315.0,499134263.99999994,0.010166232547000621
2020-06-12,272.87,282.67,272.37,281.37,7399224.0,499134263.99999994,0.01482411554098398
2020-06-15,286.53,294.62,285.62,286.24,8036276.0,499134263.99999994,0.01610042944276813
2020-06-16,291.59,293.12,287.55,290.41,5733369.0,499134263.99999994,0.011486626772631263
2020-06-17,290.92,294.59,287.63,288.08,5820533.0,499134263.99999994,0.011661257140223098
2020-06-18,288.44,289.17,281.47,283.23,5737672.0,499134263.99999994,0.011495247699524792
2020-06-19,284.52,300.3,284.51,298.03,9244384.0,499134263.99999994,0.01852083630948646
2020-06-22,300.71,306.73,298.08,301.32,6369536.0,499134263.99999994,0.012761167604394318
2020-06-23,301.34,308.03,299.84,306.34,5254269.0,499134263.99999994,0.010526764798499188
2020-06-24,306.79,311.63,298.82,302.93,6421208.0,499134263.99999994,0.012864690851998893
2020-06-29,304.81,307.78,302.93,305.62,4308668.0,499134263.99999994,0.008632282555541009
2020-06-30,307.41,313.81,306.3,309.52,4121335.0,499134263.99999994,0.008256966706657511
2020-07-01,310.83,313.42,298.81,302.23,6255393.0,499134263.99999994,0.012532485647989897
2020-07-02,298.79,302.6,291.55,294.21,8497713.0,499134263.99999994,0.017024904144829458
2020-07-03,293.76,302.23,289.57,300.39,7061834.0,499134263.99999994,0.01414816515181174
2020-07-06,300.13,300.13,292.81,295.01,10423984.0,499134263.99999994,0.02088412828336706
2020-07-07,294.68,311.55,290.46,303.38,10601238.0,499134263.99999994,0.021239251168699572
2020-07-08,307.33,310.9,303.39,304.98,6854313.0,499134263.99999994,0.01373240327175776
2020-07-09,305.77,326.02,305.21,323.96,10909177.0,499134263.99999994,0.021856197393813864
2020-07-10,323.96,329.04,320.01,322.65,5786772.0,499134263.99999994,0.011593618024988966
2020-07-13,322.48,335.64,321.36,333.61,7196137.0,499134263.99999994,0.014417237042256031
2020-07-14,333.09,339.08,324.0,330.49,5636547.0,499134263.99999994,0.011292646901916557
2020-07-15,341.71,363.46,341.71,351.32,11860542.0,499134263.99999994,0.023762227631802094
2020-07-16,356.36,356.36,331.09,334.83,8793394.0,499134263.99999994,0.017617291847549864
2020-07-17,340.2,355.36,338.17,345.16,7748017.0,499134263.99999994,0.015522911486597523
2020-07-20,348.25,354.23,334.13,342.22,6128635.0,499134263.99999994,0.012278529930776303
2020-07-21,343.23,355.19,337.16,349.05,6136924.0,499134263.99999994,0.012295136684906088
2020-07-22,349.05,359.43,346.99,352.65,5809012.0,499134263.99999994,0.01163817517444565
2020-07-23,349.41,357.1,346.27,357.0,6007704.0,499134263.99999994,0.012036248427136633
2020-07-24,353.36,354.37,332.61,336.54,7684418.0,499134263.99999994,0.01539549286482164
2020-07-27,339.99,346.64,334.63,338.17,5214591.0,499134263.99999994,0.010447271157485595
2020-07-28,343.23,344.24,334.61,344.24,3987251.0,499134263.99999994,0.007988333575913355
2020-07-29,342.22,348.93,340.22,347.26,4290447.0,499134263.99999994,0.008595777347795944
2020-07-30,348.09,351.28,341.22,342.37,4356356.0,499134263.99999994,0.00872782398284723
2020-07-31,342.37,352.85,341.71,351.32,5860785.0,499134263.99999994,0.011741900772414215
2020-08-03,351.32,352.33,346.27,349.27,5297224.0,499134263.99999994,0.010612823807263212
2020-08-04,348.7,353.36,344.25,345.77,4404774.0,499134263.99999994,0.008824827942487234
2020-08-05,344.15,349.68,342.22,348.62,3430015.0,499134263.99999994,0.0068719285518735705
2020-08-06,348.97,350.15,337.51,339.18,4962063.0,499134263.99999994,0.00994133915038139
2020-08-07,338.17,342.02,324.0,331.46,5214976.0,499134263.99999994,0.010448042493031495
2020-08-10,329.06,331.03,321.99,327.52,4792353.0,499134263.99999994,0.009601330434810623
2020-08-11,329.06,333.97,320.45,320.45,4114208.0,499134263.99999994,0.008242687983448078
2020-08-12,321.45,324.0,310.6,316.4,5251584.0,499134263.99999994,0.01052138548436739
2020-08-13,319.95,320.53,315.9,316.91,3173930.0,499134263.99999994,0.006358870205712827
2020-08-14,319.1,322.48,314.38,319.66,3063328.0,499134263.99999994,0.00613728253286174
2020-08-17,318.93,320.63,310.73,317.92,4407451.0,499134263.99999994,0.008830191228867431
2020-08-18,317.92,327.53,316.91,322.98,3874691.0,499134263.99999994,0.007762823110857403
2020-08-19,322.48,322.78,312.86,312.86,3419135.0,499134263.99999994,0.006850130809693322
2020-08-20,312.86,318.43,308.92,314.27,3086579.0,499134263.99999994,0.006183865189427268
2020-08-21,317.93,325.79,315.12,321.69,4433972.0,499134263.99999994,0.008883325228900736
2020-08-24,324.76,328.2,318.57,321.75,4478330.0,499134263.99999994,0.008972195104602157
2020-08-25,321.74,329.38,319.13,326.12,4769740.0,499134263.99999994,0.009556025991435443
2020-08-26,326.12,333.11,320.96,321.05,4523948.0,499134263.99999994,0.009063589351181069
2020-08-27,321.24,332.6,321.24,331.39,3689098.0,499134263.99999994,0.007390993297947584
2020-08-28,334.07,346.27,333.94,343.56,6748627.0,499134263.99999994,0.013520664652266791
2020-08-31,347.28,353.86,341.51,346.73,4266210.0,499134263.99999994,0.00854721927084533
2020-09-01,346.27,351.47,343.74,351.18,3618662.0,499134263.99999994,0.007249876958957882
2020-09-02,354.37,354.88,346.13,351.64,3552521.0,499134263.99999994,0.007117365519110105
2020-09-03,351.32,359.43,347.28,348.17,4354561.0,499134263.99999994,0.008724227756081279
2020-09-04,347.28,349.31,335.92,340.2,4608305.0,499134263.99999994,0.009232595981429158
2020-09-07,340.38,344.37,327.13,329.07,3987309.0,499134263.99999994,0.007988449777112477
2020-09-08,329.1,336.43,326.02,333.01,3875931.0,499134263.99999994,0.007765307412355887
2020-09-09,329.71,331.58,315.2,316.02,5844338.0,499134263.99999994,0.011708949718587143
2020-09-10,318.93,331.65,318.56,322.08,4577556.0,499134263.99999994,0.009170991314673601
2020-09-11,324.0,334.7,322.51,333.0,3401487.0,499134263.99999994,0.006814773589656831
2020-09-14,338.78,346.17,334.73,341.04,5114929.0,499134263.99999994,0.01024760143495178
2020-09-15,341.23,344.24,338.62,342.33,2868084.0,499134263.99999994,0.005746117241111703
2020-09-16,344.44,345.25,330.07,332.21,3321843.0,499134263.99999994,0.006655209308571932
2020-09-17,333.31,333.31,318.36,321.52,4939924.0,499134263.99999994,0.009896984351288695
2020-09-18,324.51,328.03,318.73,327.89,3142034.0,499134263.99999994,0.006294967560071172
2020-09-21,327.91,330.07,319.93,323.54,3190330.0,499134263.99999994,0.00639172709649923
2020-09-22,325.92,345.14,323.01,341.21,6984017.0,499134263.99999994,0.013992261208499205
2020-09-23,339.18,343.22,336.82,340.86,3061547.0,499134263.99999994,0.006133714354661094
2020-09-24,338.07,339.14,334.12,335.04,3088763.0,499134263.99999994,0.0061882407656149215
2020-09-25,337.01,339.79,331.83,334.12,2198677.0,499134263.99999994,0.004404981101437669
2020-09-28,334.12,338.78,331.5,334.62,2737742.0,499134263.99999994,0.005484981091179908
2020-09-29,338.17,345.26,334.98,343.57,3954078.0,499134263.99999994,0.007921872500422051
2020-09-30,343.58,357.06,343.55,352.35,4265405.0,499134263.99999994,0.008545606478340266
2020-10-09,359.33,367.65,358.45,362.57,3928723.0,499134263.99999994,0.007871074545184901
2020-10-12,365.51,381.51,365.51,381.3,5629997.0,499134263.99999994,0.0112795241802915
2020-10-13,381.69,388.74,376.85,382.21,2782060.0,499134263.99999994,0.005573770828123313
2020-10-14,378.41,386.77,377.54,386.77,3089847.0,499134263.99999994,0.006190412525957145
2020-10-15,376.65,379.89,366.07,376.3,6111601.0,499134263.99999994,0.012244402840675352
2020-10-16,376.14,385.35,375.85,380.19,3115480.0,499134263.99999994,0.006241767445562504
2020-10-19,384.38,384.75,369.76,372.1,3734121.0,499134263.99999994,0.007481195480501015
2020-10-20,376.14,379.18,372.16,376.65,2323778.0,499134263.99999994,0.004655617070600467
2020-10-21,380.7,381.71,368.68,371.13,2570506.0,499134263.99999994,0.005149928957792408
2020-10-22,370.63,373.61,364.5,370.19,2530373.0,499134263.99999994,0.005069523738406387
2020-10-23,368.14,369.45,358.42,359.43,2996795.0,499134263.99999994,0.006003985733185411
2020-10-26,356.41,367.53,353.38,367.53,2970680.0,499134263.99999994,0.005951665141545963
2020-10-27,367.53,371.14,360.75,367.25,3096434.0,499134263.99999994,0.006203609375933367
2020-10-28,370.05,382.52,366.53,378.67,4999459.0,499134263.99999994,0.010016260875250193
2020-10-29,379.68,404.99,378.76,399.93,6458247.0,499134263.99999994,0.012938897338452406
2020-10-30,395.28,400.43,388.95,391.63,4354441.0,499134263.99999994,0.008723987339807232
2020-11-02,394.88,400.43,390.42,398.12,3626223.0,499134263.99999994,0.007265025187691784
2020-11-03,396.9,414.4,395.88,410.37,4443168.0,499134263.99999994,0.008901749129368527
2020-11-04,408.84,414.12,402.21,411.08,3597822.0,499134263.99999994,0.007208124666031744
2020-11-05,413.33,413.41,388.17,395.7,7381527.0,499134263.99999994,0.01478866015096892
2020-11-06,394.87,395.88,370.57,379.02,9046699.0,499134263.99999994,0.018124780550028523
2020-11-09,381.73,387.78,374.62,384.74,5786528.0,499134263.99999994,0.01159312917856507
2020-11-10,372.39,372.39,358.93,359.42,10631588.0,499134263.99999994,0.021300056451343925
2020-11-11,361.86,362.98,352.1,353.56,6263994.0,499134263.99999994,0.012549717484432206
2020-11-12,355.4,357.85,346.15,348.18,6527697.0,499134263.99999994,0.013078038257057025
2020-11-13,347.69,350.62,344.54,348.14,5471938.0,499134263.99999994,0.010962857881461731
2020-11-16,349.31,358.27,344.25,355.73,7342142.0,499134263.99999994,0.014709753526357791
2020-11-17,355.38,355.58,338.28,343.55,6486120.0,499134263.99999994,0.01299474002850664
2020-11-18,343.84,349.28,334.41,338.98,6785883.0,499134263.99999994,0.013595305891482539
2020-11-19,341.92,350.02,336.02,348.12,5619870.0,499134263.99999994,0.011259235050230895
2020-11-20,348.47,357.41,348.47,350.84,4109665.0,499134263.99999994,0.008233586224006453
2020-11-23,352.14,357.41,346.88,352.85,3738806.0,499134263.99999994,0.007490581732533594
2020-11-24,352.35,352.65,341.71,347.89,3708766.0,499134263.99999994,0.0074303975252638646
2020-11-25,344.25,344.79,328.07,328.07,8846450.0,499134263.99999994,0.01772358789618178
2020-11-26,331.08,339.18,330.68,337.95,5212256.0,499134263.99999994,0.010442593057486434
2020-11-27,342.22,348.83,339.69,342.84,3603107.0,499134263.99999994,0.007218712999434558
2020-11-30,342.48,350.2,338.17,341.56,4783337.0,499134263.99999994,0.009583267158753904
2020-12-01,343.94,346.99,340.09,345.36,6413100.0,499134263.99999994,0.012848446725749129
2020-12-02,345.36,346.25,337.97,342.22,3746211.0,499134263.99999994,0.007505417420111236
2020-12-03,343.13,350.33,340.85,349.3,5909160.0,499134263.99999994,0.011838818582889354
2020-12-04,346.27,355.89,346.27,354.37,5031707.0,499134263.99999994,0.010080868741962384
2020-12-07,353.16,353.28,342.02,349.94,4857058.0,499134263.99999994,0.009730964893245639
2020-12-08,350.2,361.46,348.47,356.29,5087127.0,499134263.99999994,0.010191900991193024
2020-12-09,356.9,359.32,347.28,347.41,3670367.0,499134263.99999994,0.007353466321037821
2020-12-10,345.27,357.7,344.45,355.92,5214467.0,499134263.99999994,0.010447022727335747
2020-12-11,359.03,368.89,356.8,360.14,5737247.0,499134263.99999994,0.011494396225220877
2020-12-14,362.96,374.62,360.21,372.74,6167502.0,499134263.99999994,0.012356398758471129
2020-12-15,373.61,384.31,371.16,382.72,5079880.0,499134263.99999994,0.010177381851709544
2020-12-16,381.83,385.64,376.14,381.74,4058659.0,499134263.99999994,0.008131397286722837
2020-12-17,382.21,393.35,378.17,386.27,4669039.0,499134263.99999994,0.009354274664662173
2020-12-18,385.68,389.8,378.68,382.79,3125606.0,499134263.99999994,0.006262054572154158
2020-12-21,384.75,400.94,381.38,400.94,5003881.0,499134263.99999994,0.01002512021494882
2020-12-22,400.94,401.96,392.35,392.35,3536765.0,499134263.99999994,0.007085798862327753
2020-12-23,392.85,398.7,385.81,393.16,4335024.0,499134263.99999994,0.0086850859831975
2020-12-24,389.77,398.41,388.85,394.31,2510686.0,499134263.99999994,0.0050300814451800496
2020-12-25,392.85,410.07,392.85,407.53,4576482.0,499134263.99999994,0.009168839589020882
2020-12-28,404.99,412.58,401.96,404.39,3214763.0,499134263.99999994,0.006440677853364121
2020-12-29,406.01,408.03,395.03,406.61,3126029.0,499134263.99999994,0.006262902039520173
2020-12-30,406.6,425.24,403.04,423.28,5315347.0,499134263.99999994,0.010649132675051137
2020-12-31,423.35,433.34,420.69,431.32,3968288.0,499134263.99999994,0.0079503417942071
2021-01-04,430.44,455.61,429.5,439.3,5551472.0,499134263.99999994,0.011122201780962087
2021-01-05,434.36,450.35,431.34,441.46,4844758.0,499134263.99999994,0.009706322225155837
2021-01-06,442.46,461.19,442.46,455.42,5406575.0,499134263.99999994,0.010831905140457359
2021-01-07,455.16,462.89,451.47,461.68,4426515.0,499134263.99999994,0.008868385360937675
2021-01-08,468.12,474.11,445.63,455.52,6064080.0,499134263.99999994,0.012149195992683846
2021-01-11,455.62,474.86,449.81,458.86,5454220.0,499134263.99999994,0.010927360418598714
2021-01-12,460.18,466.35,445.68,465.74,4946896.0,499134263.99999994,0.009910952536810819
2021-01-13,461.8,463.72,436.4,438.82,8126401.0,499134263.99999994,0.01628099208192207
2021-01-14,436.39,442.76,430.05,431.31,5116777.0,499134263.99999994,0.010251303845572102
2021-01-15,435.37,450.56,430.32,447.5,6103520.0,499134263.99999994,0.012228212808087245
2021-01-18,447.11,452.58,438.66,445.26,3904236.0,499134263.99999994,0.00782201560099669
2021-01-19,443.84,446.54,426.26,431.23,5185147.0,499134263.99999994,0.010388281017710298
2021-01-20,433.34,455.11,428.34,450.1,4958191.0,499134263.99999994,0.00993358171860548
2021-01-21,455.62,469.3,455.62,462.62,5346017.0,499134263.99999994,0.010710579067759613
2021-01-22,457.64,485.99,457.64,484.15,5686844.0,499134263.99999994,0.011393415379714346
2021-01-25,484.98,502.19,484.98,494.09,5848471.0,499134263.99999994,0.011717230055759106
2021-01-26,485.99,490.96,452.58,458.88,7904224.0,499134263.99999994,0.015835867360931167
2021-01-27,458.87,469.09,441.44,460.38,5435836.0,499134263.99999994,0.010890528645414736
2021-01-28,443.58,464.45,443.58,448.99,3211070.0,499134263.99999994,0.006433279042530329
2021-01-29,455.62,468.27,447.19,453.99,3888574.0,499134263.99999994,0.007790637270295674
2021-02-01,456.43,469.79,454.61,465.85,3671609.0,499134263.99999994,0.007355954629474206
2021-02-02,466.32,469.65,445.49,465.69,4863885.0,499134263.99999994,0.009744642575769956
2021-02-03,464.23,473.95,460.03,466.15,3365403.0,499134263.99999994,0.0067424804160509414
2021-02-04,461.72,478.68,455.82,464.84,3886122.0,499134263.99999994,0.007785724764429317
2021-02-05,468.78,496.12,464.76,489.45,4157770.0,499134263.99999994,0.008329963097864988
2021-02-08,488.3,493.51,467.87,493.51,4951440.0,499134263.99999994,0.009920056299721392
2021-02-09,492.11,499.16,482.45,497.75,3369716.0,499134263.99999994,0.006751121377633976
2021-02-10,498.02,506.79,486.0,500.73,4419907.0,499134263.99999994,0.008855146438113495
2021-02-18,506.76,509.8,465.74,472.33,6221799.0,499134263.99999994,0.01246518111207048
2021-02-19,470.0,472.87,450.57,467.4,5106974.0,499134263.99999994,0.010231663839451424
2021-02-22,467.41,467.47,442.48,444.48,7413460.0,499134263.99999994,0.01485263692496174
2021-02-23,435.47,449.39,431.33,438.05,5332240.0,499134263.99999994,0.010682977276030084
2021-02-24,440.43,443.45,419.26,425.24,7740974.0,499134263.99999994,0.015508801054779925
2021-02-25,431.83,437.27,423.27,425.75,4351790.0,499134263.99999994,0.008718676143619746
2021-02-26,417.65,430.31,408.79,423.22,4923812.0,499134263.99999994,0.009864704459560005
2021-03-01,429.5,433.33,411.61,427.98,4266353.0,499134263.99999994,0.008547505766905236
2021-03-02,432.33,436.79,408.64,409.23,6102975.0,499134263.99999994,0.012227120917509283
2021-03-03,407.03,416.11,402.97,409.82,5613927.0,499134263.99999994,0.011247328434258724
2021-03-04,406.02,408.03,388.52,390.18,7155089.0,499134263.99999994,0.014334998648780403
2021-03-05,381.71,396.7,376.65,390.82,5782954.0,499134263.99999994,0.011585968780536374
2021-03-08,393.68,396.67,361.78,361.78,6898374.0,499134263.99999994,0.013820678117180914
2021-03-09,361.51,371.58,350.83,352.57,7503987.0,499134263.99999994,0.015034004958633737
2021-03-10,367.53,379.53,365.51,372.52,7049732.0,499134263.99999994,0.014123919170574114
2021-03-11,374.79,389.81,371.62,376.65,5896457.0,499134263.99999994,0.011813368516812544
2021-03-12,378.67,389.83,375.63,388.83,5377074.0,499134263.99999994,0.01077280080295189
2021-03-15,383.73,383.73,358.42,365.62,6957268.0,499134263.99999994,0.013938670417545209
2021-03-16,369.56,372.6,362.47,370.57,3884632.0,499134263.99999994,0.0077827395956932355
2021-03-17,369.61,377.66,359.38,372.81,3984666.0,499134263.99999994,0.007983154608676596
2021-03-18,378.67,389.51,374.88,384.69,3972531.0,499134263.99999994,0.007958842512963606
2021-03-19,376.4,377.66,359.43,365.51,5424643.0,499134263.99999994,0.010868103817453014
2021-03-22,364.65,373.6,361.9,365.71,3739860.0,499134263.99999994,0.007492693388807306
2021-03-23,366.01,381.96,364.61,371.24,3935707.0,499134263.99999994,0.007885066772334429
2021-03-24,370.39,387.78,370.37,380.7,4796238.0,499134263.99999994,0.009609113911682891
2021-03-25,378.67,389.74,374.79,387.14,3907476.0,499134263.99999994,0.007828506840395955
2021-03-26,390.12,395.75,380.7,390.83,6070295.0,499134263.99999994,0.012161647552210523
2021-03-29,390.82,404.78,387.81,397.69,4642880.0,499134263.99999994,0.009301865920388909
2021-03-30,398.12,413.99,396.34,413.99,3951656.0,499134263.99999994,0.007917020098624206
2021-03-31,412.08,412.08,399.94,404.09,4637882.0,499134263.99999994,0.009291852582574858
2021-04-01,406.11,421.19,406.11,414.14,2977635.0,499134263.99999994,0.005965599268095929
2021-04-02,414.91,421.96,407.54,412.64,3287212.0,499134263.99999994,0.00658582717535096
2021-04-06,412.54,412.59,400.64,404.39,3078712.0,499134263.99999994,0.006168103899194547
2021-04-07,405.2,406.82,396.9,402.34,3514198.0,499134263.99999994,0.0070405865785242916
2021-04-08,401.96,422.21,398.04,418.37,4294395.0,499134263.99999994,0.008603687043212085
2021-04-09,422.56,425.04,405.03,407.63,3109945.0,499134263.99999994,0.006230678244922092
2021-04-12,407.47,416.12,396.9,397.92,3140223.0,499134263.99999994,0.006291339277802015
2021-04-13,399.93,410.56,399.51,400.23,3108475.0,499134263.99999994,0.006227733145565018
2021-04-14,406.12,415.02,402.98,410.19,3601252.0,499134263.99999994,0.007214996564531583
2021-04-15,405.2,407.46,389.81,402.46,4757435.0,499134263.99999994,0.009531373306000889
2021-04-16,405.5,411.06,397.45,407.22,2898777.0,499134263.99999994,0.005807609713606037
2021-04-19,404.99,416.64,401.96,416.13,3485955.0,499134263.99999994,0.006984002604958414
2021-04-20,415.73,426.27,408.9,418.31,4557365.0,499134263.99999994,0.009130539273096268
2021-04-21,414.22,422.21,412.08,419.76,2859970.0,499134263.99999994,0.005729861094048235
2021-04-22,419.77,421.09,407.88,412.28,3944207.0,499134263.99999994,0.007902096258412747
2021-04-23,413.6,441.17,413.09,440.74,6827864.0,499134263.99999994,0.013679413521488881
2021-04-26,452.58,459.67,442.46,444.48,6428683.0,499134263.99999994,0.012879666782403062
2021-04-27,444.49,456.7,440.56,456.43,4397832.0,499134263.99999994,0.008810919861033625
2021-04-28,456.63,463.1,450.56,461.69,4558963.0,499134263.99999994,0.009133740816478992
2021-04-29,457.44,462.88,449.99,456.94,4788207.0,499134263.99999994,0.009593024052542304
2021-04-30,462.72,472.19,456.95,472.17,4750384.0,499134263.99999994,0.009517246846431685
2021-05-06,460.68,465.7,446.51,454.45,5328698.0,499134263.99999994,0.010675880989007801
2021-05-07,454.45,455.62,430.91,431.33,4706605.0,499134263.99999994,0.00942953697925254
2021-05-10,431.33,443.8,426.26,434.36,3645603.0,499134263.99999994,0.007303852415950351
2021-05-11,433.31,445.7,428.28,441.3,3471158.0,499134263.99999994,0.0069543572748994855
2021-05-12,442.23,459.77,438.91,456.51,3541518.0,499134263.99999994,0.007095321350248959
2021-05-13,451.57,459.32,443.62,458.41,3640527.0,499134263.99999994,0.007293682807558169
2021-05-14,453.54,461.37,450.64,455.79,3934467.0,499134263.99999994,0.007882582470835944
2021-05-17,461.7,495.87,461.7,479.21,6406856.0,499134263.99999994,0.01283593706562289
2021-05-18,479.22,492.05,473.71,477.36,3088854.0,499134263.99999994,0.006188423081289407
2021-05-19,475.36,481.05,469.59,470.6,2269083.0,499134263.99999994,0.00454603733635886
2021-05-20,475.87,483.96,471.92,482.46,3462208.0,499134263.99999994,0.0069364262277934905
2021-05-21,488.02,490.35,478.48,486.6,3890019.0,499134263.99999994,0.007793532282928989
2021-05-24,488.03,490.01,459.67,477.59,5481904.0,499134263.99999994,0.010982824453021322
2021-05-25,480.36,492.92,478.89,491.65,4067459.0,499134263.99999994,0.008149027813486275
2021-05-26,490.04,494.69,483.52,489.85,2634286.0,499134263.99999994,0.005277710207448312
2021-05-27,491.06,501.23,483.97,501.18,3787532.0,499134263.99999994,0.00758820276061032
2021-05-28,495.58,502.68,488.58,493.07,3578308.0,499134263.99999994,0.007169028972933825
2021-05-31,495.58,496.08,485.64,491.51,2852612.0,499134263.99999994,0.005715119569511261
2021-06-01,492.94,502.07,488.65,500.67,3277063.0,499134263.99999994,0.006565493968973447
2021-06-02,500.67,500.67,480.07,491.51,4324526.0,499134263.99999994,0.0086640535661563
2021-06-03,489.49,492.73,475.34,484.19,3296026.0,499134263.99999994,0.006603485750679702
2021-06-04,483.37,496.6,482.36,492.73,2990909.0,499134263.99999994,0.005992193314943412
2021-06-07,493.56,495.57,483.38,491.82,2177774.0,499134263.99999994,0.004363102589967657
2021-06-08,493.55,498.18,481.36,490.04,2743407.0,499134263.99999994,0.00549633074278387
2021-06-09,490.44,492.53,483.35,487.43,2425635.0,499134263.99999994,0.004859684407480389
2021-06-10,487.28,500.15,487.24,494.67,3585576.0,499134263.99999994,0.0071835901852652624
2021-06-11,495.35,497.58,478.28,478.28,4827929.0,499134263.99999994,0.009672605846189715
2021-06-15,478.63,493.55,471.16,474.37,4314820.0,499134263.99999994,0.00864460789652381
2021-06-16,480.47,480.83,450.37,450.37,5195534.0,499134263.99999994,0.010409091049698003
2021-06-17,452.84,468.0,445.99,464.65,4169639.0,499134263.99999994,0.008353742270837171
2021-06-18,464.87,475.77,457.68,464.03,3282084.0,499134263.99999994,0.006575553386573358
2021-06-21,459.97,467.52,453.88,457.85,3745623.0,499134263.99999994,0.007504239380368406
2021-06-22,460.17,487.44,453.0,485.51,6056591.0,499134263.99999994,0.012134192013714372
2021-06-23,485.51,487.24,474.92,476.7,3194000.0,499134263.99999994,0.006399079827547164
2021-06-24,474.76,478.28,458.75,470.06,3255503.0,499134263.99999994,0.006522299178403029
2021-06-25,467.9,479.74,462.18,476.94,3242171.0,499134263.99999994,0.006495588930356423
2021-06-28,477.88,479.75,473.3,478.24,2814995.0,499134263.99999994,0.005639755078004423
2021-06-29,483.38,493.54,477.09,486.26,4438471.0,499134263.99999994,0.008892338835708544
2021-06-30,493.54,494.57,479.5,488.51,2771975.0,499134263.99999994,0.005553565843758625
2021-07-01,486.44,510.85,483.25,504.73,5107240.0,499134263.99999994,0.010232196762192228
2021-07-02,498.64,499.31,458.95,459.03,9529267.0,499134263.99999994,0.01909159055448055
2021-07-05,457.93,469.39,451.83,461.98,4660088.0,499134263.99999994,0.009336341614087229
2021-07-06,464.88,464.88,432.49,442.06,6611424.0,499134263.99999994,0.013245782701866368
2021-07-07,447.76,474.21,444.83,465.72,5166992.0,499134263.99999994,0.010351908038915959
2021-07-08,467.09,467.99,452.85,455.14,4188977.0,499134263.99999994,0.008392485353399823
2021-07-09,449.59,458.91,441.66,452.24,3094585.0,499134263.99999994,0.006199904961844095
2021-07-12,452.99,470.65,448.78,466.69,4200846.0,499134263.99999994,0.008416264526372008
2021-07-13,471.16,471.16,451.83,455.91,3190698.0,499134263.99999994,0.006392464373072974
2021-07-14,456.6,472.97,450.18,465.04,3422962.0,499134263.99999994,0.0068577980853664665
2021-07-15,465.05,466.05,454.74,465.04,2566288.0,499134263.99999994,0.00514147832575966
2021-07-16,464.32,465.06,440.63,441.65,5105073.0,499134263.99999994,0.01022785524497673
2021-07-19,441.65,469.13,440.0,467.04,5446748.0,499134263.99999994,0.010912390498601396
2021-07-20,470.15,475.1,454.74,458.29,3640749.0,499134263.99999994,0.007294127577665156
2021-07-21,461.47,466.26,456.93,463.84,4110576.0,499134263.99999994,0.00823541138422026
2021-07-22,468.12,471.04,458.95,459.97,3454167.0,499134263.99999994,0.006920316333963401
2021-07-23,458.44,458.45,432.49,442.67,6173363.0,499134263.99999994,0.012368141089989368
2021-07-26,434.88,435.54,407.56,417.58,8521801.0,499134263.99999994,0.017073163704906465
2021-07-27,413.26,423.18,396.62,398.47,6612815.0,499134263.99999994,0.01324856952717636
2021-07-28,401.74,422.82,397.89,421.29,6629754.0,499134263.99999994,0.013282506287727026
2021-07-29,431.82,443.23,427.4,433.83,5673328.0,499134263.99999994,0.011366336493380869
2021-07-30,433.73,433.73,392.8,397.23,11877993.0,499134263.99999994,0.02379719016845536
2021-08-02,401.44,410.62,376.35,404.81,8806506.0,499134263.99999994,0.017643561332427383
2021-08-03,413.66,419.24,396.87,416.62,6107362.0,499134263.99999994,0.012235910135794646
2021-08-04,396.86,396.86,379.47,387.01,16034385.0,499134263.99999994,0.032124392486106705
2021-08-05,391.89,400.72,376.52,392.54,9102875.0,499134263.99999994,0.018237327421785656
2021-08-06,387.92,395.32,386.7,390.82,5355724.0,499134263.99999994,0.010730026740861053
2021-08-09,390.85,406.03,387.76,392.8,6027138.0,499134263.99999994,0.012075183842718521
2021-08-10,396.86,413.16,385.17,410.51,7379784.0,499134263.99999994,0.01478516810458839
2021-08-11,416.72,416.72,389.04,391.77,5673120.0,499134263.99999994,0.011365919771839187
2021-08-12,391.07,397.89,379.85,381.81,5559711.0,499134263.99999994,0.011138708361644354
2021-08-13,382.87,385.59,366.7,371.33,7822944.0,499134263.99999994,0.01567302540464343
2021-08-16,371.43,377.21,366.43,373.92,4868725.0,499134263.99999994,0.009754339365489844
2021-08-17,374.38,374.38,346.06,350.66,17132500.0,499134263.99999994,0.03432443179256474
2021-08-18,354.25,357.19,347.15,353.32,6736697.0,499134263.99999994,0.013496763267688634
2021-08-19,354.83,360.14,339.48,341.18,9859933.0,499134263.99999994,0.019754069618430365
2021-08-20,324.62,330.73,281.18,282.99,36344278.0,499134263.99999994,0.07281463249735948
2021-08-23,290.14,309.35,286.46,306.0,23241254.0,499134263.99999994,0.04656313075713833
2021-08-24,315.2,316.28,305.29,310.92,12685444.0,499134263.99999994,0.025414893175917094
2021-08-25,317.5,335.82,306.52,324.42,14155337.0,499134263.99999994,0.028359778161813395
2021-08-26,335.82,343.69,321.92,327.12,14668926.0,499134263.99999994,0.029388737776575486
2021-08-27,328.25,340.19,325.78,328.95,9696102.0,499134263.99999994,0.019425839296818945
2021-08-30,332.76,335.61,319.94,324.62,9965205.0,499134263.99999994,0.01996497880177587
2021-08-31,324.52,337.55,321.45,333.78,8242282.0,499134263.99999994,0.01651315606736227
2021-09-01,329.51,342.13,321.67,336.83,8543126.0,499134263.99999994,0.017115887680273542
2021-09-02,337.82,345.98,329.21,330.38,7419123.0,499134263.99999994,0.014863982569627801
2021-09-03,330.13,343.63,322.89,337.04,6710716.0,499134263.99999994,0.013444711140888538
2021-09-06,332.17,371.33,330.83,362.94,10493474.0,499134263.99999994,0.021023349340729695
2021-09-07,360.29,361.97,346.59,352.08,7799091.0,499134263.99999994,0.015625236659769767
2021-09-08,354.65,355.72,330.74,338.87,7996619.0,499134263.99999994,0.016020977874602497
2021-09-09,339.21,345.79,331.55,340.04,6111253.0,499134263.99999994,0.012243705633480616
2021-09-10,340.09,341.62,332.76,337.55,6074147.0,499134263.99999994,0.012169364914607426
2021-09-13,339.58,353.11,339.58,342.27,5892979.0,499134263.99999994,0.011806400451803086
2021-09-14,342.33,351.68,342.04,345.08,4341036.0,499134263.99999994,0.008697130838527247
2021-09-15,342.94,351.05,332.34,334.29,6512844.0,499134263.99999994,0.013048280732736875
2021-09-16,333.78,350.49,330.56,339.9,6129540.0,499134263.99999994,0.012280343070176405
2021-09-17,336.83,375.5,335.31,369.4,9967938.0,499134263.99999994,0.01997045428241729
2021-09-22,369.08,392.46,367.47,386.65,7533390.0,499134263.99999994,0.015092912956182068
2021-09-23,385.05,386.27,371.67,374.67,6429504.0,499134263.99999994,0.012881311630411334
2021-09-24,371.64,392.36,371.64,381.61,6962912.0,499134263.99999994,0.013949977996301214
2021-09-27,384.66,395.62,381.61,385.27,6826933.0,499134263.99999994,0.013677548291896068
2021-09-28,383.09,395.45,380.59,386.7,5068113.0,499134263.99999994,0.0101538070325703
2021-09-29,381.62,387.48,373.98,381.1,3672507.0,499134263.99999994,0.007357753744591656
2021-09-30,380.68,393.6,377.01,392.21,4865019.0,499134263.99999994,0.009746914509559697
2021-10-08,395.55,395.73,375.18,382.98,5823890.0,499134263.99999994,0.01166798278548956
2021-10-11,381.61,393.69,367.68,372.33,5682624.0,499134263.99999994,0.011384960740743699
2021-10-12,376.52,392.7,366.35,383.53,6676905.0,499134263.99999994,0.013376971852206886
2021-10-13,386.36,406.93,381.61,401.98,4885191.0,499134263.99999994,0.009787328485226975
2021-10-14,407.46,407.46,390.09,394.84,3332334.0,499134263.99999994,0.006676227701330479
2021-10-15,386.71,395.56,382.64,384.69,5140893.0,499134263.99999994,0.010299619502779718
2021-10-18,385.4,385.56,371.64,376.52,4987547.0,1215691266.0,0.004102642783978017
2021-10-19,377.53,384.66,374.49,381.92,3377275.0,1215691266.0,0.0027780696419019927
2021-10-20,381.6,381.65,346.21,363.24,11258205.0,1215691266.0,0.00926074350854142
2021-10-21,366.35,378.35,364.39,370.47,4919187.0,1215691266.0,0.004046411401955404
2021-10-22,372.11,380.06,366.36,369.39,3763086.0,1215691266.0,0.0030954290001455023
2021-10-25,372.33,376.44,367.47,374.34,3428281.0,1215691266.0,0.002820026018020269
2021-10-26,378.76,380.06,373.5,374.49,2876580.0,1215691266.0,0.0023662093168315976
2021-10-27,372.45,374.38,363.44,366.33,3399306.0,1215691266.0,0.0027961918416875425
2021-10-28,366.35,380.59,363.62,369.13,4719429.0,1215691266.0,0.0038820950121064702
2021-10-29,370.85,387.36,367.56,382.72,5974465.0,1215691266.0,0.004914459095900094
2021-11-01,384.32,384.34,370.62,379.28,4340220.0,1215691266.0,0.0035701663089845706
2021-11-02,379.29,388.73,376.52,382.36,4431700.0,1215691266.0,0.003645415677437301
2021-11-03,385.17,395.58,379.7,387.43,5190431.0,1215691266.0,0.004269530550365902
2021-11-04,386.19,397.38,381.61,394.84,5034853.0,1215691266.0,0.004141555624205661
2021-11-05,391.99,409.27,390.45,405.92,5978103.0,1215691266.0,0.0049174516320001265
2021-11-08,405.02,405.8,377.54,381.3,7156175.0,1215691266.0,0.005886506878959513
2021-11-09,384.36,384.97,375.4,376.83,4377657.0,1215691266.0,0.003600961134156902
2021-11-10,379.54,381.09,367.37,373.45,3865322.0,1215691266.0,0.0031795260096900294
2021-11-11,374.49,383.62,371.43,377.78,3150196.0,1215691266.0,0.0025912796185211715
2021-11-12,378.38,380.56,371.0,373.68,3326452.0,1215691266.0,0.002736263797423712
2021-11-15,373.36,378.88,371.74,373.4,2488667.0,1215691266.0,0.002047120901171301
2021-11-16,373.5,389.55,373.5,387.82,5138725.0,1215691266.0,0.004226998370160208
2021-11-17,385.48,394.84,383.19,392.31,3354333.0,1215691266.0,0.002759198074225533
2021-11-18,390.43,390.43,379.76,382.1,2764142.0,1215691266.0,0.0022737203740016013
2021-11-19,377.54,386.38,377.54,384.76,1869631.0,1215691266.0,0.0015379159596594486
2021-11-22,383.78,383.78,371.54,374.47,4286016.0,1215691266.0,0.003525579330764066
2021-11-23,373.57,375.18,366.35,367.36,3642086.0,1215691266.0,0.002995897150749128
2021-11-24,366.05,368.38,357.38,367.15,3240323.0,1215691266.0,0.002665416039930651
2021-11-25,367.72,370.91,363.29,369.4,2624508.0,1215691266.0,0.002158860619798185
2021-11-26,369.59,371.42,365.33,367.41,2059018.0,1215691266.0,0.0016937014006646652
2021-11-29,371.54,379.22,360.26,368.46,4297919.0,1215691266.0,0.0035353704679819587
2021-11-30,372.03,372.03,360.75,364.75,3346880.0,1215691266.0,0.0027530674058490767
2021-12-01,363.29,366.34,360.81,364.85,2384615.0,1215691266.0,0.001961530091308561
2021-12-02,364.85,366.22,351.08,351.49,4072694.0,1215691266.0,0.0033501055028555254
2021-12-03,351.99,360.79,351.99,359.22,3341938.0,1215691266.0,0.0027490022289919126
2021-12-06,356.17,360.38,352.91,353.49,2858940.0,1215691266.0,0.002351699053828688
2021-12-07,354.13,358.0,352.92,355.26,3598685.0,1215691266.0,0.0029601964747520033
2021-12-08,355.26,361.86,348.54,361.16,3904531.0,1215691266.0,0.0032117784417807936
2021-12-09,362.28,378.77,361.17,377.54,7109405.0,1215691266.0,0.005848034940147378
2021-12-10,375.49,388.49,373.84,377.12,10665797.0,1215691266.0,0.00877344215451491
2021-12-13,380.9,388.96,373.54,373.61,5245193.0,1215691266.0,0.004314576526701805
2021-12-14,377.55,382.44,375.61,377.84,3320529.0,1215691266.0,0.002731391672266896
2021-12-15,376.86,381.58,364.31,365.33,4133246.0,1215691266.0,0.003399914201571635
2021-12-16,365.33,372.43,364.23,366.6,2896630.0,1215691266.0,0.002382701991049757
2021-12-17,368.38,369.39,362.28,362.44,2724636.0,1215691266.0,0.0022412236364623187
2021-12-20,360.75,372.33,360.6,365.33,4137866.0,1215691266.0,0.0034037145085485873
2021-12-21,365.33,379.57,364.31,378.56,3896258.0,1215691266.0,0.0032049732600447915
2021-12-22,380.8,383.4,374.15,377.03,2135412.0,1215691266.0,0.0017565413684562904
2021-12-23,377.54,381.26,372.02,380.08,2519324.0,1215691266.0,0.0020723386524683645
2021-12-24,380.2,381.6,375.62,378.66,1878368.0,1215691266.0,0.001545102817247681
2021-12-27,379.43,384.46,370.43,377.75,2314057.0,1215691266.0,0.0019034906844514585
2021-12-28,377.74,387.72,375.17,385.68,4184261.0,1215691266.0,0.003441877980885321
2021-12-29,386.7,388.62,380.81,382.77,2520368.0,1215691266.0,0.0020731974231358837
2021-12-30,384.82,390.77,382.79,389.75,3215144.0,1215691266.0,0.00264470436690626
2021-12-31,389.75,392.4,384.96,387.51,2569715.0,1215691266.0,0.002113789143566982
2022-01-04,383.44,384.46,344.98,347.91,11624406.0,1215691266.0,0.009561972126564575
2022-01-05,347.82,355.03,345.99,351.28,5323083.0,1215691266.0,0.004378647070085967
2022-01-06,349.05,353.08,337.29,343.96,5814414.0,1215691266.0,0.004782804781621257
2022-01-07,341.92,345.83,330.73,333.77,5976400.0,1215691266.0,0.004916050782913167
2022-01-10,335.82,335.85,325.86,332.19,4946841.0,1215691266.0,0.004069158953717449
2022-01-11,328.69,333.51,318.11,324.62,7451549.0,1215691266.0,0.006129474816840545
2022-01-12,323.62,343.75,322.59,335.74,7461398.0,1215691266.0,0.0061375763803505025
2022-01-13,335.88,337.32,325.69,329.19,4242674.0,1215690291.0,0.0034899299857943837
2022-01-14,335.82,349.37,335.82,343.75,5491843.0,1215690291.0,0.004517468832857529
2022-01-17,342.94,351.08,337.85,342.84,2943095.0,1215690291.0,0.0024209249854081462
2022-01-18,344.64,350.86,339.21,346.88,2964995.0,1215690291.0,0.0024389394420194477
2022-01-19,347.71,348.73,340.4,341.13,2651706.0,1215690291.0,0.002181234825704469
2022-01-20,344.54,364.62,343.87,361.2,5409489.0,1215690291.0,0.004449726250219761
2022-01-21,360.2,364.31,345.08,348.25,4279544.0,1215690291.0,0.0035202584339797116
2022-01-24,342.94,351.59,341.0,343.43,2513127.0,1215690291.0,0.002067242799095448
2022-01-25,340.9,351.69,338.22,347.01,3027208.0,1215690291.0,0.0024901144826203108
2022-01-26,348.06,350.93,337.96,339.51,2240739.0,1215690291.0,0.0018431824425913755
2022-01-27,335.82,339.47,328.69,331.76,2856877.0,1215690291.0,0.0023500039616586852
2022-01-28,331.76,336.6,327.64,328.98,2808167.0,1215690291.0,0.00230993619081227
2022-02-07,338.75,347.01,332.85,334.36,1920813.0,1215690291.0,0.0015800183765718664
2022-02-08,334.28,334.28,316.43,323.72,3222755.0,1215690291.0,0.002650967128600684
2022-02-09,321.62,325.64,316.48,321.07,3161936.0,1215690291.0,0.0026009387616306957
2022-02-10,321.46,322.21,307.91,314.45,4023851.0,1215690291.0,0.0033099310159745285
2022-02-11,312.56,312.56,300.82,301.73,6341699.0,1215690291.0,0.005216541619974161
2022-02-14,299.62,306.54,295.93,304.17,4994327.0,1215690291.0,0.004108223152700987
2022-02-15,299.4,326.64,299.4,323.76,6956145.0,1215690291.0,0.005721971337188215
2022-02-16,325.28,327.78,319.06,324.36,3191532.0,1215690291.0,0.002625283777971704
2022-02-17,324.42,326.92,321.11,323.2,2503865.0,1215690291.0,0.0020596240823313443
2022-02-18,321.06,328.68,319.65,324.62,2655446.0,1215690291.0,0.0021843112671531568
2022-02-21,326.12,328.39,322.59,326.66,2296163.0,1215690291.0,0.001888773001642735
2022-02-22,323.61,325.82,318.72,323.3,2367017.0,1215690291.0,0.0019470559381147513
2022-02-23,323.61,328.27,320.04,325.17,3051547.0,1215690291.0,0.0025101352067966793
2022-02-24,326.66,326.66,313.89,319.33,3148878.0,1215690291.0,0.002590197539053966
2022-02-25,320.04,338.87,319.92,331.65,4794203.0,1215690291.0,0.003943605567546644
2022-02-28,328.8,334.6,323.62,332.88,2994635.0,1215690291.0,0.002463320651789264
2022-03-01,333.26,337.8,326.54,332.76,3041701.0,1215690291.0,0.0025020361045229407
2022-03-02,332.75,332.76,323.91,327.88,2465709.0,1215690291.0,0.002028237798931307
2022-03-03,327.88,335.55,324.32,325.94,2004278.0,1215690291.0,0.001648674843287039
2022-03-04,322.59,325.64,316.28,318.78,3340266.0,1212440419.0,0.0027549939342627608
2022-03-07,315.57,318.35,308.34,310.17,3649543.0,1212440419.0,0.0030100802833759703
2022-03-08,311.42,318.05,301.23,301.75,4324653.0,1212440419.0,0.0035668993974705162
2022-03-09,301.32,304.86,282.19,292.02,6352452.0,1212440419.0,0.00523939312847999
2022-03-10,302.97,304.27,296.36,302.63,4459156.0,1212440419.0,0.003677835158017773
2022-03-11,297.14,314.57,292.06,312.11,5523984.0,1212440419.0,0.004556086974200421
2022-03-14,315.77,326.3,310.38,313.64,6390139.0,1212440419.0,0.005270476717751192
2022-03-15,316.69,316.69,297.96,298.49,4684506.0,1212440419.0,0.0038636999613256874
2022-03-16,300.38,309.36,293.08,307.32,4708740.0,1212440419.0,0.0038836877476286116
2022-03-17,314.44,332.07,308.74,326.66,6983048.0,1212440419.0,0.005759497861148095
2022-03-18,323.39,330.45,320.79,322.71,5038353.0,1212440419.0,0.0041555468797019705
2022-03-21,326.33,326.56,312.37,316.48,3941821.0,1212440419.0,0.0032511461497226777
2022-03-22,316.46,316.46,306.99,309.95,2794204.0,1212440419.0,0.002304611390557741
2022-03-23,313.33,317.14,310.05,315.27,3752097.0,1212440419.0,0.003094665058341312
2022-03-24,312.56,324.55,307.32,320.55,3946896.0,1212440419.0,0.003255331922417542
2022-03-25,318.25,318.86,305.27,305.29,3882719.0,1212440419.0,0.003202399836853344
2022-03-28,302.74,302.84,294.34,295.62,3332546.0,1212440419.0,0.0027486266110697847
2022-03-29,297.16,299.88,291.04,293.5,2765506.0,1212440419.0,0.00228094177384893
2022-03-30,296.64,313.43,292.47,312.61,4598373.0,1212440419.0,0.003792658944670171
2022-03-31,310.48,314.92,309.37,312.67,2628118.0,1212440419.0,0.002167626514932277
2022-04-01,308.85,317.5,305.67,311.35,2820448.0,1212440419.0,0.0023262569902826706
2022-04-06,309.46,312.39,301.87,306.77,2333289.0,1212440419.0,0.0019244566276703779
2022-04-07,304.28,311.38,303.47,308.75,2200474.0,1212440419.0,0.0018149131004844866
2022-04-08,308.85,318.75,307.44,313.42,2841861.0,1212440419.0,0.002343918064315208
2022-04-11,312.49,320.15,307.37,318.42,4669034.0,1212440419.0,0.003850938921890231
2022-04-12,319.76,334.32,317.09,330.57,6445498.0,1212440419.0,0.005316135868611289
2022-04-13,329.93,339.38,327.75,331.63,4993371.0,1212440419.0,0.004118446499926525
2022-04-14,328.8,337.85,327.17,334.8,3776652.0,1212440419.0,0.003114917599922079
2022-04-15,333.78,351.59,331.75,346.81,4489679.0,1212440419.0,0.003703010003331141
2022-04-18,343.96,347.96,339.04,341.76,2531465.0,1212440419.0,0.002087908783252136
2022-04-19,340.9,342.82,329.83,334.1,3920948.0,1212440419.0,0.0032339304584005297
2022-04-20,333.77,333.77,303.54,304.98,8365804.0,1212440419.0,0.006899971222420951
2022-04-21,303.51,307.53,294.38,296.8,5080086.0,1212440419.0,0.0041899675401699055
2022-04-22,295.11,310.33,293.1,307.32,4770352.0,1212440419.0,0.003934504265318459
2022-04-25,301.87,314.96,300.38,303.71,3956489.0,1212440419.0,0.0032632440637893317
2022-04-26,304.27,328.69,304.27,323.61,5964772.0,1212440419.0,0.00491964133373221
2022-04-27,323.57,332.53,318.28,324.62,4357751.0,1212440419.0,0.0035941980584862044
2022-04-28,324.62,326.63,319.22,324.62,2836157.0,1212440419.0,0.0023392135032410197
2022-04-29,320.72,323.67,313.97,318.01,4722052.0,1212440419.0,0.00389466725622251
2022-05-05,325.48,329.51,312.06,322.56,3747312.0,1212440419.0,0.003090718472657583
2022-05-06,315.96,319.52,309.65,311.39,2487860.0,1212440419.0,0.002051944129388184
2022-05-09,315.36,316.14,304.91,311.4,1917752.0,1212440419.0,0.0015817288585460792
2022-05-10,308.34,313.33,299.41,308.44,3535629.0,1212440419.0,0.0029161259758365083
2022-05-11,308.34,316.28,305.4,311.9,4398777.0,1212440419.0,0.003628035597516648
2022-05-12,309.36,312.82,306.33,311.1,3523440.0,1212440419.0,0.002906072698323661
2022-05-13,315.41,320.9,308.34,310.88,2961716.0,1212440419.0,0.0024427724064517518
2022-05-16,312.92,313.31,302.24,303.36,3106421.0,1212440419.0,0.0025621226010941823
2022-05-17,305.65,311.65,302.24,308.14,2544084.0,1212440419.0,0.002098316717367701
2022-05-18,307.76,308.32,302.82,306.47,2488973.0,1212440419.0,0.0020528621126412647
2022-05-19,303.72,312.86,303.72,310.96,2265609.0,1212440419.0,0.0018686353279682274
2022-05-20,314.0,319.12,310.41,313.55,2975934.0,1212440419.0,0.002454499168259748
2022-05-23,316.08,316.08,307.33,308.6,2404673.0,1212440419.0,0.001983332922852682
2022-05-24,307.63,307.84,297.03,299.09,3525639.0,1212440419.0,0.0029078863956943026
2022-05-25,299.09,305.77,295.6,300.22,2760244.0,1212440419.0,0.0022766017667710235
2022-05-26,300.68,300.93,288.28,291.67,4466727.0,1212440419.0,0.003684079588573993
2022-05-27,296.25,308.42,294.49,303.65,5176991.0,1212440419.0,0.004269893117114895
2022-05-30,303.72,306.58,296.83,302.69,3070878.0,1212440419.0,0.002532807346139786
2022-05-31,302.69,311.76,297.11,311.44,4104601.0,1212440419.0,0.0033854042934212012
2022-06-01,309.38,314.72,308.87,312.5,3057048.0,1212440419.0,0.0025214006000570327
2022-06-02,310.41,311.75,304.26,306.81,2723747.0,1212440419.0,0.0022464996690282723
2022-06-06,306.83,312.99,301.23,311.96,3771860.0,1212440419.0,0.003110965240758771
2022-06-07,312.98,324.31,311.97,321.96,4205083.0,1212440419.0,0.0034682801184311228
2022-06-08,323.27,327.3,316.59,321.94,3953920.0,1212440419.0,0.0032611251967837934
2022-06-09,319.22,322.3,311.31,313.77,3342753.0,1212440419.0,0.0027570451690789436
2022-06-10,311.63,317.62,309.38,315.61,4429088.0,1212440419.0,0.003653035588877048
2022-06-13,310.67,313.21,303.91,306.23,4725449.0,1212440419.0,0.0038974690433839785
2022-06-14,305.73,308.82,300.99,306.8,2524104.0,1212440419.0,0.0020818375570832897
2022-06-15,307.84,314.53,306.47,309.04,3718294.0,1212440419.0,0.0030667849254537266
2022-06-16,309.38,318.13,308.87,312.99,3450003.0,1212440419.0,0.00284550312405908
2022-06-17,309.95,318.76,305.78,316.68,5370923.0,1212440419.0,0.004429844894506111
2022-06-20,316.91,328.07,316.1,322.6,5086169.0,1212440419.0,0.0041949846939241635
2022-06-21,319.84,329.46,317.72,324.67,3527592.0,1212440419.0,0.002909497196496878
2022-06-22,326.33,327.54,321.2,321.35,2772850.0,1212440419.0,0.002286998978710227
2022-06-23,323.15,325.34,315.35,319.84,4130993.0,1212440419.0,0.0034071719610000895
2022-06-24,322.15,331.05,318.46,328.74,4708677.0,1212440419.0,0.0038836357863123996
2022-06-27,331.72,337.37,327.4,329.36,4271419.0,1212440419.0,0.0035229929100540815
2022-06-28,329.46,329.46,322.36,326.25,3589204.0,1212440419.0,0.002960313714186726
2022-06-29,323.51,327.35,321.22,321.22,3643023.0,1212440419.0,0.0030047026995394153
2022-06-30,321.92,325.44,314.7,322.46,4879065.0,1212440419.0,0.004024168877530633
2022-07-01,322.41,327.59,316.03,321.26,3932607.0,1212440419.0,0.0032435466010309576
2022-07-04,321.26,348.99,321.14,344.9,10032820.0,1212440419.0,0.008274897341574028
2022-07-05,350.87,356.74,337.92,345.32,7724386.0,1212440419.0,0.006370940690323522
2022-07-06,349.85,351.9,331.93,333.58,6790862.0,1212440419.0,0.0056009861545204724
2022-07-07,333.58,334.54,320.71,325.12,6398508.0,1212440419.0,0.005277379324979432
2022-07-08,326.78,329.83,321.48,326.02,3798612.0,1212440419.0,0.0031330298301445853
2022-07-11,328.51,331.92,323.35,329.13,6460710.0,1212440419.0,0.0053286824645195205
2022-07-12,330.08,331.19,321.64,321.64,4093447.0,1212440419.0,0.003376204666103267
2022-07-13,321.64,326.89,319.16,325.34,3852503.0,1212440419.0,0.0031774781998586605
2022-07-14,327.4,335.58,324.72,333.57,4759621.0,1212440419.0,0.003925653521123664
2022-07-15,330.59,337.39,325.34,326.42,3218959.0,1212440419.0,0.0026549420075049476
2022-07-18,326.42,327.35,315.1,319.16,5552914.0,1212440419.0,0.004579947940518139
2022-07-19,321.85,321.97,303.74,310.36,9092637.0,1212440419.0,0.007499450577125638
2022-07-20,311.95,314.92,307.69,310.82,4591266.0,1212440419.0,0.003786797213331767
2022-07-21,310.82,320.73,307.88,315.53,5973481.0,1212440419.0,0.0049268243671114365
2022-07-22,316.56,321.74,310.78,312.26,3712068.0,1212440419.0,0.003061649827759495
2022-07-25,312.25,315.46,308.66,311.95,2746275.0,1212440419.0,0.0022650803758794847
2022-07-26,315.41,318.65,312.78,316.19,3263244.0,1212440419.0,0.002691467513670872
2022-07-27,317.18,319.07,310.0,310.93,4009058.0,1212440419.0,0.0033066020706457493
2022-07-28,310.93,312.93,301.66,302.18,7542909.0,1212440419.0,0.006221261582669161
2022-07-29,302.78,303.69,296.59,298.06,4690900.0,1212440419.0,0.0038689736225298176
2022-08-01,299.02,303.26,293.53,300.63,3222010.0,1212440419.0,0.0026574584198186483
2022-08-02,298.58,302.34,294.11,296.51,3714025.0,1212440419.0,0.0030632639276932587
2022-08-03,298.57,301.15,295.13,298.78,3057973.0,1212440419.0,0.002522163524144274
2022-08-04,299.35,304.06,297.77,301.56,2759140.0,1212440419.0,0.0022756912065631163
2022-08-05,302.76,309.17,301.68,308.01,4080947.0,1212440419.0,0.003365894881140547
2022-08-08,306.61,312.84,305.95,310.62,2588472.0,1212440419.0,0.002134927176161718
2022-08-09,308.97,311.44,305.78,308.85,1785206.0,1212440419.0,0.0014724071979325855
2022-08-10,308.31,309.93,302.31,304.51,2255291.0,1212440419.0,0.0018601252190685999
2022-08-11,305.89,312.97,304.78,311.14,2709644.0,1212440419.0,0.0022348677572419334
2022-08-12,310.62,316.9,308.88,315.2,2609765.0,1212440419.0,0.0021524892762586133
2022-08-15,315.1,317.07,306.47,308.14,3095449.0,1212440419.0,0.002553073084245305
2022-08-16,308.56,314.0,305.78,307.32,2422711.0,1212440419.0,0.001998210354945285
2022-08-17,307.9,311.24,304.8,309.38,1989234.0,1212440419.0,0.0016406859824424907
2022-08-18,308.2,309.34,302.38,304.13,2608161.0,1212440419.0,0.002151166324652197
2022-08-19,302.18,302.28,296.67,298.06,3571204.0,1212440419.0,0.0029454676238404092
2022-08-22,302.49,314.02,300.17,307.87,6314733.0,1212440419.0,0.005208283146159284
2022-08-23,309.82,309.82,299.81,304.13,4722831.0,1212440419.0,0.0038953097620213865
2022-08-24,302.02,304.7,300.64,302.5,1828232.0,1212440419.0,0.0015078943025570645
2022-08-25,302.6,303.72,297.03,301.13,3280281.0,1212440419.0,0.0027055193381836603
2022-08-26,303.51,307.04,301.66,303.79,2571984.0,1212440419.0,0.002121328157404492
2022-08-29,299.09,303.63,297.03,298.77,2792510.0,1212440419.0,0.002303214208499593
2022-08-30,299.11,300.59,294.01,297.54,2138544.0,1212440419.0,0.001763834301865187
2022-08-31,297.13,308.22,295.61,307.32,4492654.0,1212440419.0,0.0037054637321522685
2022-09-01,302.76,308.84,301.74,303.72,2908463.0,1212440419.0,0.0023988502481621737
2022-09-02,304.42,309.8,302.79,304.75,2209279.0,1212440419.0,0.0018221753130122265
2022-09-05,309.8,311.92,300.79,305.13,3965427.0,1212440419.0,0.003270615972429075
2022-09-06,303.76,304.75,299.17,300.63,2320389.0,1212440419.0,0.001913816929588851
2022-09-07,298.76,302.67,298.01,299.02,2113185.0,1212440419.0,0.0017429186349156181
2022-09-08,300.26,300.59,297.11,297.42,1778160.0,1212440419.0,0.0014665957783447996
2022-09-09,300.63,310.93,298.78,308.31,6289012.0,1212440419.0,0.005187068907837194
2022-09-13,308.87,320.48,307.94,310.94,4166452.0,1212440419.0,0.003436417934199536
2022-09-14,306.82,314.61,306.0,312.99,3328355.0,1212440419.0,0.002745169946367484
2022-09-15,312.99,315.97,309.21,311.24,2888799.0,1212440419.0,0.00238263171924162
2022-09-16,310.94,312.47,306.06,307.12,3338221.0,1212440419.0,0.0027533072534428596
2022-09-19,307.1,309.38,299.95,301.17,2771142.0,1212440419.0,0.0022855902496929214
2022-09-20,300.95,302.69,291.12,292.91,4454899.0,1212440419.0,0.0036743240576508694
2022-09-21,292.4,292.52,267.68,271.8,10185221.0,1212440419.0,0.008400595064622306
2022-09-22,268.51,273.23,265.63,268.66,5170544.0,1212440419.0,0.004264575742422523
2022-09-23,267.69,269.75,262.32,263.45,4713616.0,1212440419.0,0.003887709388546869
2022-09-26,262.85,273.35,260.86,270.31,4123637.0,1212440419.0,0.003401104858745228
2022-09-27,273.05,291.88,267.8,290.85,7899222.0,1212440419.0,0.0065151424154228895
2022-09-28,290.31,303.21,288.29,294.44,7576015.0,1212440419.0,0.006248566841947225
2022-09-29,300.32,309.72,297.65,304.8,7795803.0,1212440419.0,0.006429844203338127
2022-09-30,308.86,310.8,301.71,307.84,5789616.0,1212440419.0,0.004775175678137797
2022-10-10,309.9,321.22,306.81,308.15,7729483.0,1212440419.0,0.00637514460823992
2022-10-11,312.46,314.33,305.72,310.69,5169435.0,1212440419.0,0.004263661058300631
2022-10-12,306.81,312.97,303.92,309.1,4188814.0,1212440419.0,0.0034548617271064437
2022-10-13,308.87,314.7,303.82,308.2,4026899.0,1212440419.0,0.00332131702052734
2022-10-14,316.42,359.32,316.39,350.23,19917888.0,1212440419.0,0.016427931375323113
2022-10-17,350.05,357.26,336.32,339.76,12084945.0,1212440419.0,0.009967454738903751
2022-10-18,339.73,345.4,335.09,341.24,6948738.0,1212440419.0,0.005731199563382422
2022-10-19,337.58,341.8,336.1,337.71,5600663.0,1212440419.0,0.004619330494292933
2022-10-20,340.02,349.54,335.13,340.7,6280011.0,1212440419.0,0.005179645037881239
2022-10-21,335.71,342.93,334.3,341.35,3992932.0,1212440419.0,0.0032933016232610437
2022-10-24,336.56,339.76,325.34,334.3,6277618.0,1212440419.0,0.005177671332647976
2022-10-25,335.99,337.68,317.21,322.99,8537721.0,1212440419.0,0.007041765406535824
2022-10-26,325.86,340.79,322.44,335.64,8314793.0,1212440419.0,0.006857898227162287
2022-10-27,338.21,342.17,332.14,336.67,4659495.0,1212440419.0,0.00384307131878948
2022-10-28,333.58,343.87,331.31,332.04,3701495.0,1212440419.0,0.003052929399246628
2022-10-31,327.06,342.33,326.42,335.06,5864651.0,1212440419.0,0.004837063255312012
2022-11-01,337.82,341.8,323.28,335.47,7154826.0,1212440419.0,0.0059011774004541825
2022-11-02,329.46,340.97,327.71,336.06,7842400.0,1212440419.0,0.006468276607330755
2022-11-03,336.06,338.59,327.5,332.48,3944446.0,1212440419.0,0.0032533112045648486
2022-11-04,332.55,342.82,326.42,328.28,10264143.0,1212440419.0,0.008465688572528527
2022-11-07,326.21,331.51,322.77,326.36,5893767.0,1212440419.0,0.004861077631229976
2022-11-08,327.37,328.39,320.52,323.9,3667951.0,1212440419.0,0.00302526288510347
2022-11-09,322.25,323.28,314.02,315.56,4611466.0,1212440419.0,0.003803457825831522
2022-11-10,313.0,317.61,308.62,311.03,3760593.0,1212440419.0,0.0031016724129847737
2022-11-11,320.37,321.02,308.89,311.25,8707576.0,1212440419.0,0.007181858888523247
2022-11-14,317.48,330.75,317.15,328.43,9258499.0,1212440419.0,0.00763625070140457
2022-11-15,327.4,329.45,317.57,326.31,5269168.0,1212440419.0,0.004345919120995586
2022-11-16,325.34,335.14,321.23,328.31,4247691.0,1212440419.0,0.003503422463846448
2022-11-17,325.65,329.95,319.99,323.2,3586653.0,1212440419.0,0.0029582096932715338
2022-11-18,339.76,353.14,328.44,336.17,9617786.0,1212440419.0,0.007932584438196628
2022-11-21,330.5,336.13,325.68,334.61,4538061.0,1212440419.0,0.003742914644616446
2022-11-22,336.15,338.21,329.04,331.37,4722811.0,1212440419.0,0.003895293266365446
2022-11-23,332.55,332.55,322.05,326.3,3457970.0,1212440419.0,0.0028520741686029194
2022-11-24,326.39,333.78,325.34,331.69,3134293.0,1212440419.0,0.0025851109472126562
2022-11-25,331.69,339.96,325.86,338.74,4396201.0,1212440419.0,0.003625910957031531
2022-11-28,333.36,338.71,328.51,335.64,3190693.0,1212440419.0,0.0026316286969644484
2022-11-29,338.73,343.11,327.48,334.13,6201241.0,1212440419.0,0.0051146768969601636
2022-11-30,333.06,337.18,328.24,334.2,4008456.0,1212440419.0,0.0033061055514019447
2022-12-01,342.83,346.53,336.06,345.57,6695228.0,1212440419.0,0.005522108876510492
2022-12-02,341.87,348.25,337.7,337.7,4005873.0,1212440419.0,0.0033039751374372484
2022-12-05,340.79,344.55,334.22,335.64,5368763.0,1212440419.0,0.004428063363664553
2022-12-06,337.18,340.77,331.72,334.67,3810305.0,1212440419.0,0.003142674015390112
2022-12-07,331.19,334.02,321.22,322.36,7637890.0,1212440419.0,0.006299600277512688
2022-12-08,325.86,326.68,318.35,323.28,4367723.0,1212440419.0,0.0036024227925380635
2022-12-09,323.68,324.31,312.33,320.65,8694200.0,1212440419.0,0.00717082659383034
2022-12-12,321.22,327.4,321.12,324.78,4612326.0,1212440419.0,0.0038041671390369575
2022-12-13,326.37,326.37,319.4,321.66,3287476.0,1212440419.0,0.002711453650408202
2022-12-14,324.11,324.31,316.9,317.93,3754507.0,1212440419.0,0.0030966527848821247
2022-12-15,316.08,318.96,313.6,317.11,2290036.0,1212440419.0,0.001888782297350976
2022-12-16,317.11,319.95,313.51,319.95,2720165.0,1212440419.0,0.0022435452970493556
2022-12-19,320.44,322.0,316.15,316.81,2818384.0,1212440419.0,0.0023245546385896264
2022-12-20,316.84,318.85,311.77,311.96,3331582.0,1212440419.0,0.00274783152045346
2022-12-21,314.01,317.05,312.08,316.08,2369469.0,1212440419.0,0.0019542972692664744
2022-12-22,318.13,321.64,314.03,317.55,3014784.0,1212440419.0,0.0024865419799238813
2022-12-23,317.0,327.45,315.39,325.34,3221419.0,1212440419.0,0.002656970973185611
2022-12-26,328.43,329.46,323.18,323.69,2199896.0,1212440419.0,0.0018144363760278105
2022-12-27,325.34,327.29,319.17,322.46,3052372.0,1212440419.0,0.0025175439156981784
2022-12-28,322.87,328.22,321.35,326.57,4305686.0,1212440419.0,0.0035512557421594833
2022-12-29,324.84,328.45,323.8,327.69,2812827.0,1212440419.0,0.0023199713205865995
2022-12-30,328.43,329.33,323.08,325.31,3272739.0,1212440419.0,0.002699298826328554
2023-01-03,325.31,326.37,318.13,320.56,4468556.0,1212440419.0,0.0036855881163097384
2023-01-04,320.5,330.16,319.25,327.86,4226437.0,1212440419.0,0.0034858925302786365
2023-01-05,330.48,333.05,324.52,329.61,5128916.0,1212440419.0,0.0042302416841482745
2023-01-06,330.61,333.54,325.34,327.5,4364555.0,1212440419.0,0.003599809880637112
2023-01-09,327.59,330.25,325.31,328.06,3531384.0,1212440419.0,0.002912624772863169
2023-01-10,329.46,339.76,326.83,337.79,4633145.0,1212440419.0,0.003821338292088067
2023-01-11,337.71,338.71,333.06,334.32,2537016.0,1212440419.0,0.0020924871525583805
2023-01-12,337.7,337.7,329.68,331.31,2787303.0,1212440419.0,0.0022989195644755223
2023-01-13,332.55,340.6,329.66,340.6,3903202.0,1212440419.0,0.0032192938628846555
2023-01-16,342.57,358.6,341.85,351.99,6336432.0,1212440419.0,0.005226180108071768
2023-01-17,351.44,354.1,348.41,349.36,2697664.0,1212440419.0,0.002224986859333663
2023-01-18,350.07,351.7,345.67,347.08,1992737.0,1212440419.0,0.0016435751965804433
2023-01-19,350.03,354.42,346.12,351.61,3557523.0,1212440419.0,0.0029341837703944114
2023-01-20,352.9,355.2,349.59,351.13,3015155.0,1212440419.0,0.002486847974341575
2023-01-30,363.44,363.44,348.04,349.39,5009658.0,1212440419.0,0.004131879737341551
2023-01-31,351.08,351.28,341.3,342.47,3347747.0,1212440419.0,0.002761164134367249
2023-02-01,344.39,344.69,336.57,340.77,2708920.0,1212440419.0,0.0022342706144968926
2023-02-02,342.82,342.84,334.9,338.74,3994194.0,1212440419.0,0.00329434249915088
2023-02-03,337.42,338.19,331.98,335.14,3199486.0,1212440419.0,0.0026388810120986242
2023-02-06,326.48,330.0,323.26,325.85,4771216.0,1212440419.0,0.003935216877655082
2023-02-07,329.1,329.97,324.67,326.57,2412291.0,1212440419.0,0.0019896161182003614
2023-02-08,328.22,335.14,326.59,329.46,3696817.0,1212440419.0,0.00304907106532218
2023-02-09,329.46,337.25,328.02,336.67,3214001.0,1212440419.0,0.0026508527343973346
2023-02-10,336.49,338.17,331.37,333.74,2014691.0,1212440419.0,0.0016616824781061675
2023-02-13,331.65,333.59,328.1,330.04,4017291.0,1212440419.0,0.003313392507413595
2023-02-14,335.64,336.44,330.61,336.44,2610981.0,1212440419.0,0.002153492212139787
2023-02-15,336.67,339.14,333.0,334.56,2112579.0,1212440419.0,0.0017424188165406254
2023-02-16,335.64,336.61,331.09,332.19,2275575.0,1212440419.0,0.0018768551133233047
2023-02-17,330.57,334.37,328.08,328.41,2306265.0,1212440419.0,0.0019021676973637745
2023-02-20,327.45,336.25,325.39,335.82,3324954.0,1212440419.0,0.0027423648600748275
2023-02-21,334.59,335.31,328.53,332.02,2553665.0,1212440419.0,0.0021062189613459265
2023-02-22,331.52,333.17,324.83,326.86,3476801.0,1212440419.0,0.0028676056534535574
2023-02-23,324.83,328.11,324.83,325.47,2013683.0,1212440419.0,0.0016608510970467737
2023-02-24,324.31,326.68,323.8,324.35,1644267.0,1212440419.0,0.0013561631353037234
2023-02-27,323.71,324.83,318.13,321.71,2589452.0,1212440419.0,0.002135735463302795
2023-02-28,322.03,329.41,322.03,323.3,2827988.0,1212440419.0,0.002332475852572183
2023-03-01,324.31,326.35,320.2,325.85,2352574.0,1212440419.0,0.0019403625639108622
2023-03-02,322.27,325.96,319.76,320.61,1963514.0,1212440419.0,0.0016194725689031983
2023-03-03,323.26,325.08,319.27,322.36,1667888.0,1212440419.0,0.001375645329752076
